{
  "answers": {
    "phase": "architecture",
    "action": "architectural decision",
    "scope": "api",
    "action experience": 2,
    "language": "n/a",
    "other language": "<fill in>",
    "aimodel": "chatgpt",
    "aimodel version": "o1",
    "open source aimodel": "<fill in>",
    "tool option": "online full",
    "experience with tool": 3,
    "time allocated (h)": "1",
    "time saved estimate (h)": "2",
    "quality of ai help": 2,
    "knowledge acquired": 1,
    "generic feeling - now": 3,
    "generic feeling - future": 3,
    "threat level": 0,
    "notes": "Δεν είμαι σίγουρος αν είναι σωστά τα διαγράμματα"
  }
}