{
  "answers": {
    "phase": "architecture",
    "action": "architectural decision",
    "scope": "api",
    "action experience": 1,
    "language": "n/a",
    "other language": "<fill in>",
    "aimodel": "chatgpt",
    "aimodel version": "o1",
    "open source aimodel": "<fill in>",
    "tool option": "online full",
    "experience with tool": 4,
    "time allocated (h)": "0.3",
    "time saved estimate (h)": "1",
    "quality of ai help": 5,
    "knowledge acquired": 3,
    "generic feeling - now": 5,
    "generic feeling - future": 5,
    "threat level": 0,
    "notes": "Βοήθησε στην περαιτέρω κατανόηση της 3-tier αρχιτεκτονικής"
  }
}