{
  "answers": {
    "phase": "requirements gathering",
    "action": "data design",
    "scope": "uml other",
    "action experience": 0,
    "language": "n/a",
    "other language": "<fill in>",
    "aimodel": "gemini",
    "aimodel version": "1.5-flash",
    "open source aimodel": "<fill in>",
    "tool option": "online free",
    "experience with tool": 0,
    "time allocated (h)": 1,
    "time saved estimate (h)": 0,
    "quality of ai help": 1,
    "knowledge acquired": 2,
    "generic feeling - now": 3,
    "generic feeling - future": 3,
    "threat level": 0,
    "notes": "<fill in>"
  }
}
