{
  "answers": {
    "phase": "coding",
    "action": "source code authoring",
    "scope": "backend",
    "action experience": 1,
    "language": "js",
    "other language": "<fill in>",
    "aimodel": "chatgpt",
    "aimodel version": "4",
    "open source aimodel": "<fill in>",
    "tool option": "online full",
    "experience with tool": 5,
    "time allocated (h)": "4",
    "time saved estimate (h)": "5",
    "quality of ai help": 5,
    "knowledge acquired": 4,
    "generic feeling - now": 3,
    "generic feeling - future": 4,
    "threat level": 2,
    "notes": "Με βοήθησε να φτίαξω ένα project σε Express.js με σκοπό την καλύτερη κατανόηση του εργαλείου"
  }
}