{
    "answers": {
        "phase": "design",
        "action": "problem understanding",
        "scope": "uml component",
        "action experience": 3,
        "language": "yaml",
        "other language": "n/a",
        "aimodel": "chatgpt",
        "aimodel version": "4.0",
        "open source aimodel": "n/a",
        "tool option": "online full",
        "experience with tool": 4,
        "time allocated (h)": "0.5",
        "time saved estimate (h)": "2", 
        "quality of ai help": 4,
        "knowledge acquired": 2,
        "generic feeling - now": 4,
        "generic feeling - future": 5,
        "threat level": 2,
        "notes": "Το AI βοήθησε στην αποσαφήνιση των ορίων μεταξύ φάσεων."
    }
}
