{
  "answers": {
    "phase": "coding"
    "action": "design decision",
    "scope": "api",
    "action experience": 2,
    "language": "python",
    "other language": "<fill in>",
    "aimodel": "chatgpt",
    "aimodel version": "4o",
    "open source aimodel": "<fill in>",
    "tool option": "online free",
    "experience with tool": 5,
    "time allocated (h)": "1",
    "time saved estimate (h)": "2",
    "quality of ai help": 4,
    "knowledge acquired": 4,
    "generic feeling - now": 4,
    "generic feeling - future": 4,
    "threat level": 0,
    "notes": "Μας βοήθησε να καταλάβουμε πως φτιαχνετε ενα API και απο που να αρχίσουμε"
  }
}