-- phpMyAdmin SQL Dump
-- version 5.2.1deb3
-- https://www.phpmyadmin.net/
--
-- Εξυπηρετητής: localhost:3306
-- Χρόνος δημιουργίας: 12 Φεβ 2025 στις 15:59:14
-- Έκδοση διακομιστή: 8.0.41-0ubuntu0.24.04.1
-- Έκδοση PHP: 8.3.6

SET SQL_MODE = "NO_AUTO_VALUE_ON_ZERO";
START TRANSACTION;
SET time_zone = "+00:00";


/*!40101 SET @OLD_CHARACTER_SET_CLIENT=@@CHARACTER_SET_CLIENT */;
/*!40101 SET @OLD_CHARACTER_SET_RESULTS=@@CHARACTER_SET_RESULTS */;
/*!40101 SET @OLD_COLLATION_CONNECTION=@@COLLATION_CONNECTION */;
/*!40101 SET NAMES utf8mb4 */;

--
-- Βάση δεδομένων: `my_database`
--

-- --------------------------------------------------------

--
-- Δομή πίνακα για τον πίνακα `authtoken_token`
--

CREATE TABLE `authtoken_token` (
  `key` varchar(40) COLLATE utf8mb4_unicode_ci NOT NULL,
  `created` datetime(6) NOT NULL,
  `user_id` int NOT NULL
) ENGINE=InnoDB DEFAULT CHARSET=utf8mb4 COLLATE=utf8mb4_unicode_ci;

-- --------------------------------------------------------

--
-- Δομή πίνακα για τον πίνακα `auth_group`
--

CREATE TABLE `auth_group` (
  `id` int NOT NULL,
  `name` varchar(150) COLLATE utf8mb4_unicode_ci NOT NULL
) ENGINE=InnoDB DEFAULT CHARSET=utf8mb4 COLLATE=utf8mb4_unicode_ci;

-- --------------------------------------------------------

--
-- Δομή πίνακα για τον πίνακα `auth_group_permissions`
--

CREATE TABLE `auth_group_permissions` (
  `id` bigint NOT NULL,
  `group_id` int NOT NULL,
  `permission_id` int NOT NULL
) ENGINE=InnoDB DEFAULT CHARSET=utf8mb4 COLLATE=utf8mb4_unicode_ci;

-- --------------------------------------------------------

--
-- Δομή πίνακα για τον πίνακα `auth_permission`
--

CREATE TABLE `auth_permission` (
  `id` int NOT NULL,
  `name` varchar(255) COLLATE utf8mb4_unicode_ci NOT NULL,
  `content_type_id` int NOT NULL,
  `codename` varchar(100) COLLATE utf8mb4_unicode_ci NOT NULL
) ENGINE=InnoDB DEFAULT CHARSET=utf8mb4 COLLATE=utf8mb4_unicode_ci;

--
-- Άδειασμα δεδομένων του πίνακα `auth_permission`
--

INSERT INTO `auth_permission` (`id`, `name`, `content_type_id`, `codename`) VALUES
(1, 'Can add operator', 1, 'add_operator'),
(2, 'Can change operator', 1, 'change_operator'),
(3, 'Can delete operator', 1, 'delete_operator'),
(4, 'Can view operator', 1, 'view_operator'),
(5, 'Can add tollstation', 2, 'add_tollstation'),
(6, 'Can change tollstation', 2, 'change_tollstation'),
(7, 'Can delete tollstation', 2, 'delete_tollstation'),
(8, 'Can view tollstation', 2, 'view_tollstation'),
(9, 'Can add tag', 3, 'add_tag'),
(10, 'Can change tag', 3, 'change_tag'),
(11, 'Can delete tag', 3, 'delete_tag'),
(12, 'Can view tag', 3, 'view_tag'),
(13, 'Can add pass', 4, 'add_pass'),
(14, 'Can change pass', 4, 'change_pass'),
(15, 'Can delete pass', 4, 'delete_pass'),
(16, 'Can view pass', 4, 'view_pass'),
(17, 'Can add log entry', 5, 'add_logentry'),
(18, 'Can change log entry', 5, 'change_logentry'),
(19, 'Can delete log entry', 5, 'delete_logentry'),
(20, 'Can view log entry', 5, 'view_logentry'),
(21, 'Can add permission', 6, 'add_permission'),
(22, 'Can change permission', 6, 'change_permission'),
(23, 'Can delete permission', 6, 'delete_permission'),
(24, 'Can view permission', 6, 'view_permission'),
(25, 'Can add group', 7, 'add_group'),
(26, 'Can change group', 7, 'change_group'),
(27, 'Can delete group', 7, 'delete_group'),
(28, 'Can view group', 7, 'view_group'),
(29, 'Can add user', 8, 'add_user'),
(30, 'Can change user', 8, 'change_user'),
(31, 'Can delete user', 8, 'delete_user'),
(32, 'Can view user', 8, 'view_user'),
(33, 'Can add content type', 9, 'add_contenttype'),
(34, 'Can change content type', 9, 'change_contenttype'),
(35, 'Can delete content type', 9, 'delete_contenttype'),
(36, 'Can view content type', 9, 'view_contenttype'),
(37, 'Can add session', 10, 'add_session'),
(38, 'Can change session', 10, 'change_session'),
(39, 'Can delete session', 10, 'delete_session'),
(40, 'Can view session', 10, 'view_session'),
(41, 'Can add Token', 11, 'add_token'),
(42, 'Can change Token', 11, 'change_token'),
(43, 'Can delete Token', 11, 'delete_token'),
(44, 'Can view Token', 11, 'view_token'),
(45, 'Can add Token', 12, 'add_tokenproxy'),
(46, 'Can change Token', 12, 'change_tokenproxy'),
(47, 'Can delete Token', 12, 'delete_tokenproxy'),
(48, 'Can view Token', 12, 'view_tokenproxy');

-- --------------------------------------------------------

--
-- Δομή πίνακα για τον πίνακα `auth_user`
--

CREATE TABLE `auth_user` (
  `id` int NOT NULL,
  `password` varchar(128) COLLATE utf8mb4_unicode_ci NOT NULL,
  `last_login` datetime(6) DEFAULT NULL,
  `is_superuser` tinyint(1) NOT NULL,
  `username` varchar(150) COLLATE utf8mb4_unicode_ci NOT NULL,
  `first_name` varchar(150) COLLATE utf8mb4_unicode_ci NOT NULL,
  `last_name` varchar(150) COLLATE utf8mb4_unicode_ci NOT NULL,
  `email` varchar(254) COLLATE utf8mb4_unicode_ci NOT NULL,
  `is_staff` tinyint(1) NOT NULL,
  `is_active` tinyint(1) NOT NULL,
  `date_joined` datetime(6) NOT NULL
) ENGINE=InnoDB DEFAULT CHARSET=utf8mb4 COLLATE=utf8mb4_unicode_ci;

--
-- Άδειασμα δεδομένων του πίνακα `auth_user`
--

INSERT INTO `auth_user` (`id`, `password`, `last_login`, `is_superuser`, `username`, `first_name`, `last_name`, `email`, `is_staff`, `is_active`, `date_joined`) VALUES
(1, 'pbkdf2_sha256$600000$igU7ehv9loSydgrhq1Phha$P4DJeH6YlTyXH9C1wN+dSz9XI03vEN3Ammt7x7+SWGY=', '2025-02-06 21:14:48.414196', 1, 'poe', '', '', 'kliapakis@gmail.com', 1, 1, '2025-02-02 19:49:53.381087');

-- --------------------------------------------------------

--
-- Δομή πίνακα για τον πίνακα `auth_user_groups`
--

CREATE TABLE `auth_user_groups` (
  `id` bigint NOT NULL,
  `user_id` int NOT NULL,
  `group_id` int NOT NULL
) ENGINE=InnoDB DEFAULT CHARSET=utf8mb4 COLLATE=utf8mb4_unicode_ci;

-- --------------------------------------------------------

--
-- Δομή πίνακα για τον πίνακα `auth_user_user_permissions`
--

CREATE TABLE `auth_user_user_permissions` (
  `id` bigint NOT NULL,
  `user_id` int NOT NULL,
  `permission_id` int NOT NULL
) ENGINE=InnoDB DEFAULT CHARSET=utf8mb4 COLLATE=utf8mb4_unicode_ci;

-- --------------------------------------------------------

--
-- Δομή πίνακα για τον πίνακα `django_admin_log`
--

CREATE TABLE `django_admin_log` (
  `id` int NOT NULL,
  `action_time` datetime(6) NOT NULL,
  `object_id` longtext COLLATE utf8mb4_unicode_ci,
  `object_repr` varchar(200) COLLATE utf8mb4_unicode_ci NOT NULL,
  `action_flag` smallint UNSIGNED NOT NULL,
  `change_message` longtext COLLATE utf8mb4_unicode_ci NOT NULL,
  `content_type_id` int DEFAULT NULL,
  `user_id` int NOT NULL
) ;

--
-- Άδειασμα δεδομένων του πίνακα `django_admin_log`
--

INSERT INTO `django_admin_log` (`id`, `action_time`, `object_id`, `object_repr`, `action_flag`, `change_message`, `content_type_id`, `user_id`) VALUES
(1, '2025-02-09 10:51:11.085563', '8', 'olympiaodos', 2, '[{\"changed\": {\"fields\": [\"Password\"]}}]', 1, 1),
(2, '2025-02-09 10:51:28.551133', '7', 'neaodos', 2, '[{\"changed\": {\"fields\": [\"Password\"]}}]', 1, 1),
(3, '2025-02-09 10:51:38.884527', '6', 'naodos', 2, '[{\"changed\": {\"fields\": [\"Password\"]}}]', 1, 1),
(4, '2025-02-09 10:51:46.047688', '5', 'moreas', 2, '[{\"changed\": {\"fields\": [\"Password\"]}}]', 1, 1),
(5, '2025-02-09 10:51:55.203082', '4', 'kentrikiodos', 2, '[{\"changed\": {\"fields\": [\"Password\"]}}]', 1, 1),
(6, '2025-02-09 10:52:03.378905', '3', 'gefyra', 2, '[{\"changed\": {\"fields\": [\"Password\"]}}]', 1, 1),
(7, '2025-02-09 10:52:10.859686', '2', 'egnatia', 2, '[{\"changed\": {\"fields\": [\"Password\"]}}]', 1, 1),
(8, '2025-02-09 10:52:30.249279', '1', 'aegeanmotorway', 2, '[{\"changed\": {\"fields\": [\"Password\"]}}]', 1, 1),
(9, '2025-02-10 15:55:26.648640', '9', 'Admin', 2, '[{\"changed\": {\"fields\": [\"Is admin\"]}}]', 1, 1),
(10, '2025-02-10 19:09:39.591549', '9', 'Admin', 2, '[{\"changed\": {\"fields\": [\"Code\"]}}]', 1, 1);

-- --------------------------------------------------------

--
-- Δομή πίνακα για τον πίνακα `django_content_type`
--

CREATE TABLE `django_content_type` (
  `id` int NOT NULL,
  `app_label` varchar(100) COLLATE utf8mb4_unicode_ci NOT NULL,
  `model` varchar(100) COLLATE utf8mb4_unicode_ci NOT NULL
) ENGINE=InnoDB DEFAULT CHARSET=utf8mb4 COLLATE=utf8mb4_unicode_ci;

--
-- Άδειασμα δεδομένων του πίνακα `django_content_type`
--

INSERT INTO `django_content_type` (`id`, `app_label`, `model`) VALUES
(5, 'admin', 'logentry'),
(7, 'auth', 'group'),
(6, 'auth', 'permission'),
(8, 'auth', 'user'),
(11, 'authtoken', 'token'),
(12, 'authtoken', 'tokenproxy'),
(9, 'contenttypes', 'contenttype'),
(1, 'dbconnect', 'operator'),
(4, 'dbconnect', 'pass'),
(3, 'dbconnect', 'tag'),
(2, 'dbconnect', 'tollstation'),
(10, 'sessions', 'session');

-- --------------------------------------------------------

--
-- Δομή πίνακα για τον πίνακα `django_migrations`
--

CREATE TABLE `django_migrations` (
  `id` bigint NOT NULL,
  `app` varchar(255) COLLATE utf8mb4_unicode_ci NOT NULL,
  `name` varchar(255) COLLATE utf8mb4_unicode_ci NOT NULL,
  `applied` datetime(6) NOT NULL
) ENGINE=InnoDB DEFAULT CHARSET=utf8mb4 COLLATE=utf8mb4_unicode_ci;

--
-- Άδειασμα δεδομένων του πίνακα `django_migrations`
--

INSERT INTO `django_migrations` (`id`, `app`, `name`, `applied`) VALUES
(1, 'contenttypes', '0001_initial', '2025-02-02 19:48:32.365125'),
(2, 'auth', '0001_initial', '2025-02-02 19:48:34.227287'),
(3, 'admin', '0001_initial', '2025-02-02 19:48:34.659763'),
(4, 'admin', '0002_logentry_remove_auto_add', '2025-02-02 19:48:34.727690'),
(5, 'admin', '0003_logentry_add_action_flag_choices', '2025-02-02 19:48:34.757695'),
(6, 'contenttypes', '0002_remove_content_type_name', '2025-02-02 19:48:35.065418'),
(7, 'auth', '0002_alter_permission_name_max_length', '2025-02-02 19:48:35.250235'),
(8, 'auth', '0003_alter_user_email_max_length', '2025-02-02 19:48:35.330400'),
(9, 'auth', '0004_alter_user_username_opts', '2025-02-02 19:48:35.367229'),
(10, 'auth', '0005_alter_user_last_login_null', '2025-02-02 19:48:35.526530'),
(11, 'auth', '0006_require_contenttypes_0002', '2025-02-02 19:48:35.537227'),
(12, 'auth', '0007_alter_validators_add_error_messages', '2025-02-02 19:48:35.571893'),
(13, 'auth', '0008_alter_user_username_max_length', '2025-02-02 19:48:35.769757'),
(14, 'auth', '0009_alter_user_last_name_max_length', '2025-02-02 19:48:35.965477'),
(15, 'auth', '0010_alter_group_name_max_length', '2025-02-02 19:48:36.034270'),
(16, 'auth', '0011_update_proxy_permissions', '2025-02-02 19:48:36.065129'),
(17, 'auth', '0012_alter_user_first_name_max_length', '2025-02-02 19:48:36.279950'),
(18, 'dbconnect', '0001_initial', '2025-02-02 19:48:37.161440'),
(19, 'dbconnect', '0002_alter_pass_tag', '2025-02-02 19:48:37.183165'),
(20, 'sessions', '0001_initial', '2025-02-02 19:48:37.292674'),
(21, 'dbconnect', '0003_alter_pass_timestamp', '2025-02-07 11:37:28.732908'),
(22, 'authtoken', '0001_initial', '2025-02-08 13:20:33.853289'),
(23, 'authtoken', '0002_auto_20160226_1747', '2025-02-08 13:20:33.985051'),
(24, 'authtoken', '0003_tokenproxy', '2025-02-08 13:20:33.998626'),
(25, 'authtoken', '0004_alter_tokenproxy_options', '2025-02-08 13:20:34.021210'),
(26, 'dbconnect', '0004_operator_password', '2025-02-09 10:34:41.048925'),
(27, 'dbconnect', '0005_operator_is_admin', '2025-02-10 15:48:47.641628');

-- --------------------------------------------------------

--
-- Δομή πίνακα για τον πίνακα `django_session`
--

CREATE TABLE `django_session` (
  `session_key` varchar(40) COLLATE utf8mb4_unicode_ci NOT NULL,
  `session_data` longtext COLLATE utf8mb4_unicode_ci NOT NULL,
  `expire_date` datetime(6) NOT NULL
) ENGINE=InnoDB DEFAULT CHARSET=utf8mb4 COLLATE=utf8mb4_unicode_ci;

--
-- Άδειασμα δεδομένων του πίνακα `django_session`
--

INSERT INTO `django_session` (`session_key`, `session_data`, `expire_date`) VALUES
('xv2rlho3fhoyd2liqanoy253dhmm3v52', '.eJxVjMsOwiAURP-FtSE8BVy69xvIvXCRqoGktCvjv9smXehy5pyZN4uwLjWug-Y4ZXZhkp1-O4T0pLaD_IB27zz1tswT8l3hBx381jO9rof7d1Bh1G1tBDlrFARpdBbBa2mVAumSR4OhZO22WDRkSYQW0BcUShWvBBQyZ88-X8ZrN78:1tbf0R:mCJSrTQhNiRG7TiE4UtEX1LbxVv36mupp-woaOSJRno', '2025-02-08 12:11:19.000000'),
('z2lodaswp8s3axzdze4sdast8h1fztal', '.eJxVjEEOwiAQRe_C2hCGTktx6d4zkGGGStVAUtqV8e7apAvd_vfef6lA25rD1tISZlFnBer0u0XiRyo7kDuVW9Vcy7rMUe-KPmjT1yrpeTncv4NMLX9rYz33gxuJ2Q7k0SKbjib24hCAIyZjxyjJI-FEiB7BRdcDse2cEVDvD9qXN48:1tg9Cy:IXbDBu2xJ2fgVQOi7nuAlJbFCC8ikydRVvWBgDTJ9Ew', '2025-02-20 21:14:48.421201');

-- --------------------------------------------------------

--
-- Δομή πίνακα για τον πίνακα `operator`
--

CREATE TABLE `operator` (
  `id` int NOT NULL,
  `name` varchar(200) COLLATE utf8mb4_unicode_ci DEFAULT NULL,
  `email` varchar(200) COLLATE utf8mb4_unicode_ci DEFAULT NULL,
  `code` varchar(50) COLLATE utf8mb4_unicode_ci DEFAULT NULL,
  `password` varchar(128) COLLATE utf8mb4_unicode_ci NOT NULL,
  `is_admin` tinyint(1) NOT NULL
) ENGINE=InnoDB DEFAULT CHARSET=utf8mb4 COLLATE=utf8mb4_unicode_ci;

--
-- Άδειασμα δεδομένων του πίνακα `operator`
--

INSERT INTO `operator` (`id`, `name`, `email`, `code`, `password`, `is_admin`) VALUES
(1, 'aegeanmotorway', 'customercare@aegeanmotorway.gr', 'AM', 'pbkdf2_sha256$600000$LWXYioP5WvexiWc4eZp0U3$WASK66yx1Lo9I2F3mMkC6lS/vx0LdTUtV+tMJX+W4Oc=', 0),
(2, 'egnatia', 'eoae@egnatia.gr', 'EG', 'pbkdf2_sha256$600000$KYjBRL5uIY1kZ3jLe5Q4vZ$x0fuiVw4ha65/B8HYqCs959GbLy1pTokn5ygmCNaFfI=', 0),
(3, 'gefyra', 'info@gefyra.gr', 'GE', 'pbkdf2_sha256$600000$pv2MA4yM8EAppuTMFHVggh$0PPzmb783Qzt6h+wGOhXnl4COHleCfY68yezMnUJENY=', 0),
(4, 'kentrikiodos', 'customercare@kentrikiodos.gr', 'KO', 'pbkdf2_sha256$600000$F0YCHd7Z3SSRpDWaIwKnvm$Su7PzhNdDqV1SHfoFryW3+TVT1zPwBtL3weJnycJDPc=', 0),
(5, 'moreas', 'info@moreas.com.gr', 'MO', 'pbkdf2_sha256$600000$sadbSLGkkbyjynROEhEUmc$7R5iz2VPRo/92AijvUAcSi8NAPB8awNkGcgrQw0iSH4=', 0),
(6, 'naodos', 'customercare@attikestdiadromes.gr', 'NAO', 'pbkdf2_sha256$600000$unmUs7Lw9TrCKxUcOnqnbi$kuJdopxngP1TbtuFXL8vgHIfjMsuas8O94Z7LsuPc5U=', 0),
(7, 'neaodos', 'info@neados.gr', 'NO', 'pbkdf2_sha256$600000$UMkdyIatLaNx3uEeEYqjRZ$3EvBWUP7cMD5VgocIQxUcoNrKjBNks/qU3R5ziIFdtU=', 0),
(8, 'olympiaodos', 'customercare@olympiaoperation.gr', 'OO', 'pbkdf2_sha256$600000$HmpzKocGZOnUueVKLApKXm$lZxDFFe5EzuxXauw9/IyIUMFV2dzDUEssJ2C4TVHjOs=', 0),
(9, 'Admin', 'admin@superuser.com', NULL, 'pbkdf2_sha256$600000$mFYkGVtJoykpmDORw53JZr$ZxKTTzzrKlH/1TYKQxsFeHjebrdkgouK1wUdeEAzvAw=', 1);

-- --------------------------------------------------------

--
-- Δομή πίνακα για τον πίνακα `pass`
--

CREATE TABLE `pass` (
  `id` int NOT NULL,
  `timestamp` datetime(6) DEFAULT NULL,
  `charge` double DEFAULT NULL,
  `tag_id` int DEFAULT NULL,
  `tollStation_id` int DEFAULT NULL
) ENGINE=InnoDB DEFAULT CHARSET=utf8mb4 COLLATE=utf8mb4_unicode_ci;

--
-- Άδειασμα δεδομένων του πίνακα `pass`
--

INSERT INTO `pass` (`id`, `timestamp`, `charge`, `tag_id`, `tollStation_id`) VALUES
(4010, '2022-01-01 00:23:00.000000', 2.5, 101, 1699),
(4011, '2022-01-01 01:02:00.000000', 3.25, 102, 1713),
(4012, '2022-01-01 01:26:00.000000', 2.5, 103, 1707),
(4013, '2022-01-01 01:29:00.000000', 3.1, 104, 1528),
(4014, '2022-01-01 01:39:00.000000', 2.2, 105, 1522),
(4015, '2022-01-01 01:45:00.000000', 1.9, 106, 1630),
(4016, '2022-01-01 03:01:00.000000', 14.7, 107, 1624),
(4017, '2022-01-01 03:43:00.000000', 2.5, 108, 1673),
(4018, '2022-01-01 03:58:00.000000', 2.95, 109, 1629),
(4019, '2022-01-01 04:16:00.000000', 2.3, 110, 1746),
(4020, '2022-01-01 04:45:00.000000', 4.2, 111, 1719),
(4021, '2022-01-01 04:55:00.000000', 2.4, 112, 1747),
(4022, '2022-01-01 04:56:00.000000', 2.5, 113, 1706),
(4023, '2022-01-01 05:24:00.000000', 2.5, 114, 1698),
(4024, '2022-01-01 05:35:00.000000', 2.05, 115, 1662),
(4025, '2022-01-01 06:08:00.000000', 2.5, 116, 1676),
(4026, '2022-01-01 06:36:00.000000', 2.4, 117, 1747),
(4027, '2022-01-01 07:12:00.000000', 1.9, 110, 1752),
(4028, '2022-01-01 08:12:00.000000', 2.95, 109, 1628),
(4029, '2022-01-01 08:55:00.000000', 2.6, 118, 1656),
(4030, '2022-01-01 09:09:00.000000', 1.9, 118, 1752),
(4031, '2022-01-01 09:11:00.000000', 3.6, 119, 1525),
(4032, '2022-01-01 09:27:00.000000', 2.1, 120, 1566),
(4033, '2022-01-01 09:44:00.000000', 2, 116, 1520),
(4034, '2022-01-01 11:01:00.000000', 14.7, 121, 1624),
(4035, '2022-01-01 11:41:00.000000', 1.4, 122, 1568),
(4036, '2022-01-01 11:47:00.000000', 3.5, 123, 1750),
(4037, '2022-01-01 12:26:00.000000', 2.2, 124, 1523),
(4038, '2022-01-01 12:40:00.000000', 1.9, 106, 1630),
(4039, '2022-01-01 12:45:00.000000', 3.85, 115, 1711),
(4040, '2022-01-01 13:30:00.000000', 2.5, 111, 1701),
(4041, '2022-01-01 14:18:00.000000', 2.5, 125, 1692),
(4042, '2022-01-01 14:59:00.000000', 1.35, 112, 1653),
(4043, '2022-01-01 15:40:00.000000', 2.5, 114, 1705),
(4044, '2022-01-01 16:31:00.000000', 2.5, 126, 1672),
(4045, '2022-01-01 16:51:00.000000', 3.6, 127, 1524),
(4046, '2022-01-01 16:51:00.000000', 2.5, 110, 1754),
(4047, '2022-01-01 17:04:00.000000', 3.25, 128, 1714),
(4048, '2022-01-01 17:06:00.000000', 2.3, 129, 1746),
(4049, '2022-01-01 17:38:00.000000', 2.5, 130, 1709),
(4050, '2022-01-01 17:51:00.000000', 3.25, 131, 1713),
(4051, '2022-01-01 17:58:00.000000', 2.5, 107, 1706),
(4052, '2022-01-01 18:03:00.000000', 1.4, 110, 1580),
(4053, '2022-01-01 18:29:00.000000', 1.85, 132, 1633),
(4054, '2022-01-01 18:51:00.000000', 1.4, 130, 1586),
(4055, '2022-01-01 19:02:00.000000', 2.5, 133, 1688),
(4056, '2022-01-01 19:15:00.000000', 2.4, 122, 1748),
(4057, '2022-01-01 19:42:00.000000', 2.5, 108, 1703),
(4058, '2022-01-01 20:13:00.000000', 4.15, 134, 1724),
(4059, '2022-01-01 20:34:00.000000', 1.9, 134, 1751),
(4060, '2022-01-01 21:59:00.000000', 2, 135, 1583),
(4061, '2022-01-01 23:27:00.000000', 2.5, 130, 1753),
(4062, '2022-01-01 23:29:00.000000', 3.35, 104, 1722),
(4063, '2022-01-02 00:14:00.000000', 2.5, 103, 1704),
(4064, '2022-01-02 00:24:00.000000', 1.2, 136, 1562),
(4065, '2022-01-02 00:30:00.000000', 1.4, 137, 1568),
(4066, '2022-01-02 00:47:00.000000', 2, 107, 1583),
(4067, '2022-01-02 01:15:00.000000', 2.2, 119, 1523),
(4068, '2022-01-02 01:48:00.000000', 2.5, 125, 1709),
(4069, '2022-01-02 01:59:00.000000', 2.5, 112, 1698),
(4070, '2022-01-02 02:21:00.000000', 3.25, 130, 1716),
(4071, '2022-01-02 02:24:00.000000', 2.2, 131, 1522),
(4072, '2022-01-02 03:07:00.000000', 2.1, 101, 1567),
(4073, '2022-01-02 03:50:00.000000', 1.4, 111, 1572),
(4074, '2022-01-02 04:12:00.000000', 2.5, 101, 1691),
(4075, '2022-01-02 04:20:00.000000', 2.5, 126, 1692),
(4076, '2022-01-02 04:34:00.000000', 3.1, 131, 1529),
(4077, '2022-01-02 04:54:00.000000', 3.4, 112, 1627),
(4078, '2022-01-02 04:55:00.000000', 1.9, 122, 1751),
(4079, '2022-01-02 05:58:00.000000', 2.5, 105, 1697),
(4080, '2022-01-02 06:10:00.000000', 2.5, 114, 1680),
(4081, '2022-01-02 06:30:00.000000', 1.6, 130, 1571),
(4082, '2022-01-02 06:31:00.000000', 3.6, 127, 1524),
(4083, '2022-01-02 06:34:00.000000', 2.95, 137, 1629),
(4084, '2022-01-02 06:41:00.000000', 2, 138, 1582),
(4085, '2022-01-02 07:13:00.000000', 2.5, 101, 1709),
(4086, '2022-01-02 07:16:00.000000', 1.4, 113, 1572),
(4087, '2022-01-02 07:45:00.000000', 2.95, 134, 1628),
(4088, '2022-01-02 07:54:00.000000', 3.1, 130, 1529),
(4089, '2022-01-02 08:03:00.000000', 2.5, 139, 1754),
(4090, '2022-01-02 08:34:00.000000', 4.15, 128, 1724),
(4091, '2022-01-02 08:41:00.000000', 3.6, 131, 1525),
(4092, '2022-01-02 08:41:00.000000', 1.4, 113, 1580),
(4093, '2022-01-02 08:43:00.000000', 1.4, 111, 1587),
(4094, '2022-01-02 09:04:00.000000', 2.4, 110, 1748),
(4095, '2022-01-02 10:34:00.000000', 2.5, 133, 1683),
(4096, '2022-01-02 10:53:00.000000', 2.5, 140, 1701),
(4097, '2022-01-02 10:54:00.000000', 2.5, 141, 1674),
(4098, '2022-01-02 10:56:00.000000', 2.7, 127, 1660),
(4099, '2022-01-02 11:06:00.000000', 2.05, 132, 1634),
(4100, '2022-01-02 11:12:00.000000', 3.5, 118, 1750),
(4101, '2022-01-02 11:16:00.000000', 3.6, 119, 1525),
(4102, '2022-01-02 11:26:00.000000', 2, 142, 1520),
(4103, '2022-01-02 11:30:00.000000', 3.25, 109, 1715),
(4104, '2022-01-02 11:55:00.000000', 3.85, 138, 1711),
(4105, '2022-01-02 12:02:00.000000', 0.9, 135, 1559),
(4106, '2022-01-02 12:16:00.000000', 14.7, 143, 1625),
(4107, '2022-01-02 12:26:00.000000', 2.5, 133, 1687),
(4108, '2022-01-02 12:35:00.000000', 1.5, 126, 1579),
(4109, '2022-01-02 13:33:00.000000', 3.85, 138, 1711),
(4110, '2022-01-02 14:18:00.000000', 1.7, 126, 1555),
(4111, '2022-01-02 14:30:00.000000', 4.2, 116, 1720),
(4112, '2022-01-02 15:07:00.000000', 2.5, 101, 1690),
(4113, '2022-01-02 15:09:00.000000', 0.9, 136, 1558),
(4114, '2022-01-02 15:20:00.000000', 4.2, 117, 1720),
(4115, '2022-01-02 15:29:00.000000', 2.4, 102, 1748),
(4116, '2022-01-02 15:46:00.000000', 1.5, 144, 1578),
(4117, '2022-01-02 15:51:00.000000', 2, 119, 1520),
(4118, '2022-01-02 15:51:00.000000', 2.5, 114, 1679),
(4119, '2022-01-02 16:09:00.000000', 1.8, 138, 1575),
(4120, '2022-01-02 17:22:00.000000', 2.5, 133, 1701),
(4121, '2022-01-02 17:59:00.000000', 3.6, 135, 1525),
(4122, '2022-01-02 18:31:00.000000', 4.15, 101, 1723),
(4123, '2022-01-02 18:32:00.000000', 2.05, 137, 1635),
(4124, '2022-01-02 18:48:00.000000', 1.5, 124, 1578),
(4125, '2022-01-02 18:50:00.000000', 3.25, 135, 1715),
(4126, '2022-01-02 18:56:00.000000', 2.8, 112, 1527),
(4127, '2022-01-02 19:13:00.000000', 2, 120, 1582),
(4128, '2022-01-02 19:41:00.000000', 0.5, 134, 1560),
(4129, '2022-01-02 20:29:00.000000', 0.5, 120, 1560),
(4130, '2022-01-02 20:48:00.000000', 3.15, 129, 1659),
(4131, '2022-01-02 20:57:00.000000', 0.9, 144, 1559),
(4132, '2022-01-02 21:21:00.000000', 2.8, 136, 1527),
(4133, '2022-01-02 21:41:00.000000', 0.9, 116, 1558),
(4134, '2022-01-02 21:58:00.000000', 1.4, 145, 1577),
(4135, '2022-01-02 21:59:00.000000', 3.25, 134, 1715),
(4136, '2022-01-02 22:09:00.000000', 3, 126, 1550),
(4137, '2022-01-02 22:57:00.000000', 3.6, 133, 1524),
(4138, '2022-01-02 23:31:00.000000', 2.3, 119, 1745),
(4139, '2022-01-03 00:51:00.000000', 1.4, 145, 1568),
(4140, '2022-01-03 00:57:00.000000', 3.25, 140, 1716),
(4141, '2022-01-03 01:20:00.000000', 1.85, 116, 1632),
(4142, '2022-01-03 01:22:00.000000', 2.5, 139, 1707),
(4143, '2022-01-03 01:29:00.000000', 2.5, 119, 1754),
(4144, '2022-01-03 01:30:00.000000', 2.5, 113, 1708),
(4145, '2022-01-03 01:43:00.000000', 3.4, 131, 1627),
(4146, '2022-01-03 02:13:00.000000', 2.4, 117, 1748),
(4147, '2022-01-03 02:40:00.000000', 2.5, 129, 1692),
(4148, '2022-01-03 02:41:00.000000', 2.3, 123, 1746),
(4149, '2022-01-03 04:00:00.000000', 2.5, 134, 1754),
(4150, '2022-01-03 04:06:00.000000', 3.4, 109, 1626),
(4151, '2022-01-03 04:30:00.000000', 2.2, 124, 1522),
(4152, '2022-01-03 04:34:00.000000', 3.85, 140, 1711),
(4153, '2022-01-03 04:36:00.000000', 1.7, 111, 1554),
(4154, '2022-01-03 05:05:00.000000', 2.5, 134, 1686),
(4155, '2022-01-03 05:07:00.000000', 2.5, 133, 1697),
(4156, '2022-01-03 05:24:00.000000', 2.8, 131, 1527),
(4157, '2022-01-03 06:11:00.000000', 2.5, 102, 1687),
(4158, '2022-01-03 06:13:00.000000', 2.5, 101, 1674),
(4159, '2022-01-03 06:26:00.000000', 2, 144, 1583),
(4160, '2022-01-03 06:28:00.000000', 2, 114, 1520),
(4161, '2022-01-03 07:33:00.000000', 1.85, 132, 1632),
(4162, '2022-01-03 07:40:00.000000', 2.5, 104, 1675),
(4163, '2022-01-03 08:15:00.000000', 1.85, 131, 1632),
(4164, '2022-01-03 08:23:00.000000', 2.5, 146, 1679),
(4165, '2022-01-03 08:36:00.000000', 2.2, 124, 1522),
(4166, '2022-01-03 08:51:00.000000', 3.5, 112, 1749),
(4167, '2022-01-03 09:12:00.000000', 1.9, 123, 1752),
(4168, '2022-01-03 09:26:00.000000', 3.15, 118, 1659),
(4169, '2022-01-03 09:43:00.000000', 1.6, 136, 1570),
(4170, '2022-01-03 10:22:00.000000', 2.5, 110, 1754),
(4171, '2022-01-03 10:31:00.000000', 2.5, 133, 1675),
(4172, '2022-01-03 10:46:00.000000', 2.5, 137, 1674),
(4173, '2022-01-03 10:49:00.000000', 2.5, 122, 1754),
(4174, '2022-01-03 10:59:00.000000', 1.2, 112, 1553),
(4175, '2022-01-03 11:46:00.000000', 1.6, 111, 1570),
(4176, '2022-01-03 12:07:00.000000', 2.5, 107, 1676),
(4177, '2022-01-03 12:10:00.000000', 1.85, 113, 1632),
(4178, '2022-01-03 12:33:00.000000', 2.5, 104, 1689),
(4179, '2022-01-03 12:38:00.000000', 4.2, 104, 1720),
(4180, '2022-01-03 13:00:00.000000', 2.1, 123, 1566),
(4181, '2022-01-03 13:40:00.000000', 1.4, 145, 1577),
(4182, '2022-01-03 13:51:00.000000', 2.5, 135, 1705),
(4183, '2022-01-03 14:30:00.000000', 2.05, 147, 1635),
(4184, '2022-01-03 14:56:00.000000', 3.5, 115, 1749),
(4185, '2022-01-03 15:06:00.000000', 3.6, 124, 1525),
(4186, '2022-01-03 15:28:00.000000', 4.15, 102, 1723),
(4187, '2022-01-03 15:42:00.000000', 2.5, 117, 1691),
(4188, '2022-01-03 17:21:00.000000', 2.05, 132, 1635),
(4189, '2022-01-03 17:37:00.000000', 2.95, 109, 1629),
(4190, '2022-01-03 17:40:00.000000', 2.5, 101, 1694),
(4191, '2022-01-03 18:23:00.000000', 2.5, 133, 1699),
(4192, '2022-01-03 18:32:00.000000', 2.5, 139, 1695),
(4193, '2022-01-03 18:55:00.000000', 2.5, 119, 1693),
(4194, '2022-01-03 19:02:00.000000', 2.5, 129, 1672),
(4195, '2022-01-03 19:05:00.000000', 3.6, 124, 1525),
(4196, '2022-01-03 19:17:00.000000', 2.5, 122, 1700),
(4197, '2022-01-03 19:36:00.000000', 2.5, 116, 1675),
(4198, '2022-01-03 19:42:00.000000', 1.85, 147, 1633),
(4199, '2022-01-03 20:20:00.000000', 2.1, 108, 1655),
(4200, '2022-01-03 20:52:00.000000', 3.4, 137, 1626),
(4201, '2022-01-03 21:06:00.000000', 1.9, 137, 1631),
(4202, '2022-01-03 21:12:00.000000', 3.25, 135, 1715),
(4203, '2022-01-03 21:34:00.000000', 2.4, 129, 1747),
(4204, '2022-01-03 21:51:00.000000', 4.15, 115, 1724),
(4205, '2022-01-03 21:53:00.000000', 3.6, 111, 1525),
(4206, '2022-01-03 22:15:00.000000', 2.5, 117, 1691),
(4207, '2022-01-03 22:41:00.000000', 1.2, 135, 1564),
(4208, '2022-01-03 22:58:00.000000', 1.4, 146, 1569),
(4209, '2022-01-04 00:30:00.000000', 2.1, 120, 1567),
(4210, '2022-01-04 00:55:00.000000', 1.9, 135, 1630),
(4211, '2022-01-04 01:00:00.000000', 3.4, 126, 1627),
(4212, '2022-01-04 01:56:00.000000', 3.5, 125, 1750),
(4213, '2022-01-04 03:35:00.000000', 1, 141, 1585),
(4214, '2022-01-04 03:43:00.000000', 2.2, 105, 1522),
(4215, '2022-01-04 04:08:00.000000', 2.5, 138, 1697),
(4216, '2022-01-04 04:46:00.000000', 2, 131, 1520),
(4217, '2022-01-04 04:50:00.000000', 2.5, 116, 1682),
(4218, '2022-01-04 04:51:00.000000', 1.85, 132, 1633),
(4219, '2022-01-04 04:59:00.000000', 2.2, 127, 1523),
(4220, '2022-01-04 05:11:00.000000', 3.4, 129, 1627),
(4221, '2022-01-04 05:17:00.000000', 2.5, 114, 1678),
(4222, '2022-01-04 05:18:00.000000', 2.5, 101, 1674),
(4223, '2022-01-04 05:33:00.000000', 2.5, 125, 1694),
(4224, '2022-01-04 06:01:00.000000', 3.55, 145, 1717),
(4225, '2022-01-04 06:55:00.000000', 2.5, 101, 1676),
(4226, '2022-01-04 06:59:00.000000', 2.5, 113, 1676),
(4227, '2022-01-04 07:01:00.000000', 1.9, 110, 1751),
(4228, '2022-01-04 07:04:00.000000', 1.8, 146, 1557),
(4229, '2022-01-04 07:17:00.000000', 2.5, 116, 1708),
(4230, '2022-01-04 07:29:00.000000', 3.25, 115, 1716),
(4231, '2022-01-04 07:49:00.000000', 2.3, 136, 1745),
(4232, '2022-01-04 07:58:00.000000', 14.7, 109, 1625),
(4233, '2022-01-04 08:04:00.000000', 3.4, 106, 1627),
(4234, '2022-01-04 08:09:00.000000', 0.9, 120, 1559),
(4235, '2022-01-04 08:12:00.000000', 1.4, 145, 1586),
(4236, '2022-01-04 08:18:00.000000', 2.5, 116, 1708),
(4237, '2022-01-04 09:04:00.000000', 2.5, 114, 1701),
(4238, '2022-01-04 09:06:00.000000', 2.5, 125, 1709),
(4239, '2022-01-04 09:26:00.000000', 4.15, 138, 1723),
(4240, '2022-01-04 09:59:00.000000', 2, 142, 1521),
(4241, '2022-01-04 10:23:00.000000', 1.7, 120, 1555),
(4242, '2022-01-04 10:31:00.000000', 4.2, 102, 1720),
(4243, '2022-01-04 10:46:00.000000', 4.2, 128, 1720),
(4244, '2022-01-04 11:27:00.000000', 3.25, 137, 1715),
(4245, '2022-01-04 11:41:00.000000', 2.5, 120, 1708),
(4246, '2022-01-04 12:02:00.000000', 3.25, 135, 1716),
(4247, '2022-01-04 13:53:00.000000', 2.5, 110, 1754),
(4248, '2022-01-04 14:05:00.000000', 14.7, 148, 1625),
(4249, '2022-01-04 14:24:00.000000', 1.6, 131, 1570),
(4250, '2022-01-04 15:20:00.000000', 2.4, 123, 1748),
(4251, '2022-01-04 15:35:00.000000', 2.1, 111, 1566),
(4252, '2022-01-04 15:58:00.000000', 3.35, 108, 1722),
(4253, '2022-01-04 16:02:00.000000', 2.5, 110, 1673),
(4254, '2022-01-04 16:10:00.000000', 2.5, 103, 1683),
(4255, '2022-01-04 16:47:00.000000', 2.6, 118, 1656),
(4256, '2022-01-04 16:56:00.000000', 4.2, 113, 1720),
(4257, '2022-01-04 17:03:00.000000', 0.5, 146, 1561),
(4258, '2022-01-04 17:14:00.000000', 1.85, 137, 1633),
(4259, '2022-01-04 17:49:00.000000', 2.7, 126, 1661),
(4260, '2022-01-04 17:52:00.000000', 1.8, 125, 1574),
(4261, '2022-01-04 18:00:00.000000', 3.1, 142, 1529),
(4262, '2022-01-04 19:38:00.000000', 3.6, 102, 1525),
(4263, '2022-01-04 19:41:00.000000', 3.25, 142, 1716),
(4264, '2022-01-04 19:41:00.000000', 2.4, 131, 1747),
(4265, '2022-01-04 20:00:00.000000', 2.05, 132, 1634),
(4266, '2022-01-04 20:01:00.000000', 3.1, 105, 1528),
(4267, '2022-01-04 20:01:00.000000', 2.5, 117, 1677),
(4268, '2022-01-04 20:36:00.000000', 2.5, 114, 1689),
(4269, '2022-01-04 21:02:00.000000', 1.9, 106, 1630),
(4270, '2022-01-04 21:11:00.000000', 2, 120, 1582),
(4271, '2022-01-04 22:38:00.000000', 1.4, 107, 1569),
(4272, '2022-01-04 23:15:00.000000', 3.5, 123, 1750),
(4273, '2022-01-04 23:45:00.000000', 3.85, 102, 1712),
(4274, '2022-01-04 23:51:00.000000', 3.6, 119, 1524),
(4275, '2022-01-04 23:55:00.000000', 1.9, 144, 1630),
(4276, '2022-01-05 00:53:00.000000', 2.8, 134, 1526),
(4277, '2022-01-05 01:24:00.000000', 1.35, 125, 1653),
(4278, '2022-01-05 01:25:00.000000', 2.5, 101, 1701),
(4279, '2022-01-05 01:48:00.000000', 3.5, 115, 1750),
(4280, '2022-01-05 02:14:00.000000', 2.7, 145, 1660),
(4281, '2022-01-05 03:01:00.000000', 2.2, 124, 1522),
(4282, '2022-01-05 03:05:00.000000', 1.6, 122, 1571),
(4283, '2022-01-05 03:19:00.000000', 14.7, 121, 1625),
(4284, '2022-01-05 03:50:00.000000', 3, 114, 1550),
(4285, '2022-01-05 04:07:00.000000', 1.6, 136, 1570),
(4286, '2022-01-05 04:31:00.000000', 2, 145, 1582),
(4287, '2022-01-05 04:34:00.000000', 1.5, 145, 1578),
(4288, '2022-01-05 04:38:00.000000', 3.35, 113, 1721),
(4289, '2022-01-05 04:40:00.000000', 3.55, 104, 1717),
(4290, '2022-01-05 04:42:00.000000', 1.9, 122, 1752),
(4291, '2022-01-05 04:53:00.000000', 3.25, 143, 1716),
(4292, '2022-01-05 05:11:00.000000', 4.15, 115, 1724),
(4293, '2022-01-05 05:17:00.000000', 4.15, 115, 1724),
(4294, '2022-01-05 05:39:00.000000', 3.6, 119, 1524),
(4295, '2022-01-05 05:59:00.000000', 1.6, 135, 1571),
(4296, '2022-01-05 06:01:00.000000', 4.2, 147, 1720),
(4297, '2022-01-05 06:08:00.000000', 3.35, 102, 1721),
(4298, '2022-01-05 06:16:00.000000', 3.25, 128, 1715),
(4299, '2022-01-05 07:22:00.000000', 3.25, 102, 1716),
(4300, '2022-01-05 07:28:00.000000', 2.5, 101, 1690),
(4301, '2022-01-05 08:15:00.000000', 0.9, 140, 1559),
(4302, '2022-01-05 08:25:00.000000', 2.8, 114, 1526),
(4303, '2022-01-05 08:28:00.000000', 1.2, 139, 1552),
(4304, '2022-01-05 08:48:00.000000', 2.5, 139, 1704),
(4305, '2022-01-05 08:50:00.000000', 1.85, 109, 1632),
(4306, '2022-01-05 09:21:00.000000', 0.5, 144, 1560),
(4307, '2022-01-05 09:40:00.000000', 3.85, 105, 1711),
(4308, '2022-01-05 10:00:00.000000', 2.05, 144, 1634),
(4309, '2022-01-05 10:04:00.000000', 3.85, 128, 1711),
(4310, '2022-01-05 10:11:00.000000', 1.4, 141, 1580),
(4311, '2022-01-05 11:27:00.000000', 2.5, 116, 1710),
(4312, '2022-01-05 11:42:00.000000', 2.5, 110, 1694),
(4313, '2022-01-05 12:22:00.000000', 3, 145, 1551),
(4314, '2022-01-05 13:01:00.000000', 3.25, 115, 1714),
(4315, '2022-01-05 13:36:00.000000', 1.35, 108, 1653),
(4316, '2022-01-05 13:47:00.000000', 2.5, 137, 1687),
(4317, '2022-01-05 14:34:00.000000', 3.6, 142, 1524),
(4318, '2022-01-05 14:38:00.000000', 2.5, 110, 1754),
(4319, '2022-01-05 14:40:00.000000', 1.2, 123, 1563),
(4320, '2022-01-05 14:57:00.000000', 2.7, 108, 1660),
(4321, '2022-01-05 15:19:00.000000', 1.2, 111, 1552),
(4322, '2022-01-05 15:48:00.000000', 2.2, 125, 1523),
(4323, '2022-01-05 16:00:00.000000', 2.8, 147, 1527),
(4324, '2022-01-05 16:16:00.000000', 2.4, 112, 1748),
(4325, '2022-01-05 17:54:00.000000', 2.5, 114, 1701),
(4326, '2022-01-05 18:21:00.000000', 1.9, 145, 1630),
(4327, '2022-01-05 18:56:00.000000', 2.5, 116, 1671),
(4328, '2022-01-05 19:25:00.000000', 3.25, 102, 1713),
(4329, '2022-01-05 20:19:00.000000', 0.5, 130, 1560),
(4330, '2022-01-05 20:23:00.000000', 2.5, 107, 1706),
(4331, '2022-01-05 20:55:00.000000', 2.4, 112, 1748),
(4332, '2022-01-05 21:00:00.000000', 2.5, 129, 1690),
(4333, '2022-01-05 21:21:00.000000', 3.25, 138, 1716),
(4334, '2022-01-05 21:26:00.000000', 1.4, 136, 1568),
(4335, '2022-01-05 21:37:00.000000', 1.9, 122, 1751),
(4336, '2022-01-05 22:05:00.000000', 3.85, 102, 1712),
(4337, '2022-01-05 22:19:00.000000', 2.6, 118, 1657),
(4338, '2022-01-05 22:22:00.000000', 4.2, 107, 1719),
(4339, '2022-01-05 22:46:00.000000', 14.7, 149, 1625),
(4340, '2022-01-05 22:51:00.000000', 2.5, 141, 1699),
(4341, '2022-01-05 23:08:00.000000', 2.1, 118, 1655),
(4342, '2022-01-05 23:32:00.000000', 3.1, 127, 1529),
(4343, '2022-01-05 23:40:00.000000', 2.5, 117, 1689),
(4344, '2022-01-06 00:25:00.000000', 2.4, 112, 1748),
(4345, '2022-01-06 00:30:00.000000', 2.5, 103, 1699),
(4346, '2022-01-06 00:40:00.000000', 3.1, 131, 1528),
(4347, '2022-01-06 00:40:00.000000', 3, 103, 1551),
(4348, '2022-01-06 00:57:00.000000', 4.15, 115, 1723),
(4349, '2022-01-06 01:41:00.000000', 3.15, 108, 1659),
(4350, '2022-01-06 03:08:00.000000', 1.9, 112, 1752),
(4351, '2022-01-06 03:24:00.000000', 2.5, 133, 1697),
(4352, '2022-01-06 04:19:00.000000', 2.5, 107, 1670),
(4353, '2022-01-06 04:50:00.000000', 2.5, 112, 1754),
(4354, '2022-01-06 04:59:00.000000', 1.5, 111, 1578),
(4355, '2022-01-06 05:07:00.000000', 2.5, 116, 1670),
(4356, '2022-01-06 05:19:00.000000', 2.5, 141, 1685),
(4357, '2022-01-06 05:34:00.000000', 3.5, 142, 1749),
(4358, '2022-01-06 05:37:00.000000', 2.1, 136, 1566),
(4359, '2022-01-06 05:40:00.000000', 3.25, 117, 1715),
(4360, '2022-01-06 06:34:00.000000', 3.6, 131, 1525),
(4361, '2022-01-06 06:34:00.000000', 2.5, 137, 1704),
(4362, '2022-01-06 07:18:00.000000', 2.5, 101, 1704),
(4363, '2022-01-06 07:27:00.000000', 3.25, 138, 1714),
(4364, '2022-01-06 07:39:00.000000', 2.95, 147, 1629),
(4365, '2022-01-06 08:27:00.000000', 2, 111, 1520),
(4366, '2022-01-06 08:40:00.000000', 3.25, 128, 1716),
(4367, '2022-01-06 08:45:00.000000', 2.5, 139, 1706),
(4368, '2022-01-06 08:54:00.000000', 2.7, 108, 1661),
(4369, '2022-01-06 08:57:00.000000', 3.1, 105, 1529),
(4370, '2022-01-06 09:04:00.000000', 1.6, 111, 1571),
(4371, '2022-01-06 09:19:00.000000', 2.5, 107, 1686),
(4372, '2022-01-06 09:43:00.000000', 2.95, 147, 1628),
(4373, '2022-01-06 10:48:00.000000', 1.4, 145, 1573),
(4374, '2022-01-06 11:16:00.000000', 2.2, 118, 1523),
(4375, '2022-01-06 11:20:00.000000', 1.9, 144, 1631),
(4376, '2022-01-06 11:24:00.000000', 2.8, 122, 1527),
(4377, '2022-01-06 11:44:00.000000', 2.5, 105, 1706),
(4378, '2022-01-06 11:58:00.000000', 1.2, 141, 1562),
(4379, '2022-01-06 12:31:00.000000', 3.6, 127, 1524),
(4380, '2022-01-06 12:32:00.000000', 2.5, 110, 1696),
(4381, '2022-01-06 12:33:00.000000', 1.4, 150, 1587),
(4382, '2022-01-06 12:54:00.000000', 1.4, 101, 1581),
(4383, '2022-01-06 13:03:00.000000', 2, 104, 1521),
(4384, '2022-01-06 13:47:00.000000', 3.15, 147, 1658),
(4385, '2022-01-06 13:59:00.000000', 2.6, 108, 1657),
(4386, '2022-01-06 14:49:00.000000', 2.5, 118, 1678),
(4387, '2022-01-06 15:03:00.000000', 2.5, 116, 1699),
(4388, '2022-01-06 15:14:00.000000', 1.4, 107, 1577),
(4389, '2022-01-06 15:15:00.000000', 2.2, 119, 1522),
(4390, '2022-01-06 15:35:00.000000', 3.25, 128, 1716),
(4391, '2022-01-06 15:43:00.000000', 2.2, 119, 1523),
(4392, '2022-01-06 16:46:00.000000', 2, 131, 1521),
(4393, '2022-01-06 17:12:00.000000', 1.85, 109, 1632),
(4394, '2022-01-06 17:16:00.000000', 4.2, 134, 1720),
(4395, '2022-01-06 17:32:00.000000', 2.8, 142, 1527),
(4396, '2022-01-06 17:38:00.000000', 0.9, 120, 1559),
(4397, '2022-01-06 17:54:00.000000', 0.9, 146, 1558),
(4398, '2022-01-06 18:01:00.000000', 2.5, 101, 1677),
(4399, '2022-01-06 18:10:00.000000', 2, 142, 1521),
(4400, '2022-01-06 18:36:00.000000', 3.6, 131, 1525),
(4401, '2022-01-06 18:38:00.000000', 2.3, 104, 1746),
(4402, '2022-01-06 18:44:00.000000', 2.5, 102, 1703),
(4403, '2022-01-06 19:00:00.000000', 1.9, 129, 1751),
(4404, '2022-01-06 19:23:00.000000', 2.05, 132, 1635),
(4405, '2022-01-06 19:25:00.000000', 2.5, 114, 1673),
(4406, '2022-01-06 20:11:00.000000', 2.5, 147, 1671),
(4407, '2022-01-06 20:56:00.000000', 2.3, 122, 1745),
(4408, '2022-01-06 20:59:00.000000', 2.5, 114, 1689),
(4409, '2022-01-06 21:18:00.000000', 2.05, 115, 1635),
(4410, '2022-01-06 21:28:00.000000', 1.8, 108, 1574),
(4411, '2022-01-06 21:40:00.000000', 3.1, 101, 1529),
(4412, '2022-01-06 21:53:00.000000', 3.6, 131, 1525),
(4413, '2022-01-06 22:05:00.000000', 2.5, 114, 1680),
(4414, '2022-01-06 22:15:00.000000', 2.2, 142, 1522),
(4415, '2022-01-06 22:27:00.000000', 2, 138, 1520),
(4416, '2022-01-06 22:34:00.000000', 2.5, 147, 1673),
(4417, '2022-01-06 22:47:00.000000', 2.05, 102, 1634),
(4418, '2022-01-06 23:08:00.000000', 2.7, 118, 1661),
(4419, '2022-01-06 23:10:00.000000', 3.85, 102, 1711),
(4420, '2022-01-06 23:34:00.000000', 1.4, 107, 1568),
(4421, '2022-01-06 23:38:00.000000', 2.5, 103, 1686),
(4422, '2022-01-07 00:09:00.000000', 2.95, 147, 1629),
(4423, '2022-01-07 00:11:00.000000', 2.5, 116, 1676),
(4424, '2022-01-07 00:23:00.000000', 3.85, 102, 1712),
(4425, '2022-01-07 00:34:00.000000', 2.5, 114, 1675),
(4426, '2022-01-07 00:35:00.000000', 3.85, 102, 1712),
(4427, '2022-01-07 00:37:00.000000', 1.6, 102, 1570),
(4428, '2022-01-07 00:37:00.000000', 2.5, 126, 1696),
(4429, '2022-01-07 01:24:00.000000', 2.1, 120, 1567),
(4430, '2022-01-07 01:38:00.000000', 0.9, 126, 1558),
(4431, '2022-01-07 02:00:00.000000', 2.2, 127, 1523),
(4432, '2022-01-07 02:47:00.000000', 1.9, 123, 1752),
(4433, '2022-01-07 03:02:00.000000', 3.1, 139, 1528),
(4434, '2022-01-07 04:29:00.000000', 1.9, 142, 1631),
(4435, '2022-01-07 04:51:00.000000', 2.2, 146, 1522),
(4436, '2022-01-07 05:06:00.000000', 0.9, 145, 1559),
(4437, '2022-01-07 06:13:00.000000', 2.5, 112, 1754),
(4438, '2022-01-07 06:40:00.000000', 2.4, 134, 1747),
(4439, '2022-01-07 06:46:00.000000', 4.2, 128, 1720),
(4440, '2022-01-07 07:01:00.000000', 2.5, 113, 1753),
(4441, '2022-01-07 07:54:00.000000', 1.35, 108, 1652),
(4442, '2022-01-07 08:02:00.000000', 2.5, 102, 1688),
(4443, '2022-01-07 08:07:00.000000', 3.5, 123, 1749),
(4444, '2022-01-07 08:29:00.000000', 1.8, 135, 1557),
(4445, '2022-01-07 09:10:00.000000', 2.3, 113, 1746),
(4446, '2022-01-07 10:00:00.000000', 3.6, 147, 1525),
(4447, '2022-01-07 10:29:00.000000', 2.3, 140, 1745),
(4448, '2022-01-07 11:15:00.000000', 3.25, 104, 1714),
(4449, '2022-01-07 11:22:00.000000', 2, 120, 1583),
(4450, '2022-01-07 11:44:00.000000', 2.5, 129, 1706),
(4451, '2022-01-07 11:47:00.000000', 2.5, 131, 1708),
(4452, '2022-01-07 12:06:00.000000', 1.7, 107, 1555),
(4453, '2022-01-07 12:26:00.000000', 2.5, 123, 1684),
(4454, '2022-01-07 12:32:00.000000', 2.5, 125, 1706),
(4455, '2022-01-07 12:39:00.000000', 2.95, 125, 1628),
(4456, '2022-01-07 12:56:00.000000', 3.5, 134, 1750),
(4457, '2022-01-07 13:32:00.000000', 3.55, 115, 1717),
(4458, '2022-01-07 14:01:00.000000', 1.6, 140, 1570),
(4459, '2022-01-07 14:25:00.000000', 2.5, 115, 1698),
(4460, '2022-01-07 14:26:00.000000', 1.9, 103, 1751),
(4461, '2022-01-07 15:11:00.000000', 2.5, 131, 1681),
(4462, '2022-01-07 15:13:00.000000', 3, 103, 1551),
(4463, '2022-01-07 15:53:00.000000', 2.8, 131, 1526),
(4464, '2022-01-07 15:56:00.000000', 1.4, 126, 1577),
(4465, '2022-01-07 16:12:00.000000', 0.9, 131, 1558),
(4466, '2022-01-07 16:26:00.000000', 2.4, 122, 1747),
(4467, '2022-01-07 16:53:00.000000', 3.5, 110, 1750),
(4468, '2022-01-07 17:03:00.000000', 3.5, 122, 1750),
(4469, '2022-01-07 17:20:00.000000', 2.5, 125, 1685),
(4470, '2022-01-07 17:33:00.000000', 2.5, 116, 1673),
(4471, '2022-01-07 18:04:00.000000', 2.5, 116, 1702),
(4472, '2022-01-07 18:57:00.000000', 2.8, 119, 1526),
(4473, '2022-01-07 18:58:00.000000', 3.85, 138, 1712),
(4474, '2022-01-07 20:08:00.000000', 1.5, 141, 1579),
(4475, '2022-01-07 20:40:00.000000', 2.5, 110, 1754),
(4476, '2022-01-07 21:00:00.000000', 2, 130, 1521),
(4477, '2022-01-07 21:28:00.000000', 2.05, 120, 1634),
(4478, '2022-01-07 21:58:00.000000', 1.5, 146, 1578),
(4479, '2022-01-07 21:58:00.000000', 2.5, 113, 1708),
(4480, '2022-01-07 22:03:00.000000', 2.3, 123, 1746),
(4481, '2022-01-07 22:43:00.000000', 2.8, 119, 1527),
(4482, '2022-01-07 23:38:00.000000', 2.1, 147, 1567),
(4483, '2022-01-07 23:49:00.000000', 1.8, 130, 1557),
(4484, '2022-01-08 00:15:00.000000', 2.5, 125, 1701),
(4485, '2022-01-08 00:37:00.000000', 2.95, 106, 1628),
(4486, '2022-01-08 01:40:00.000000', 0.9, 146, 1559),
(4487, '2022-01-08 01:46:00.000000', 2.5, 116, 1690),
(4488, '2022-01-08 01:59:00.000000', 2.1, 112, 1654),
(4489, '2022-01-08 02:00:00.000000', 3.4, 116, 1626),
(4490, '2022-01-08 02:28:00.000000', 2.5, 125, 1690),
(4491, '2022-01-08 03:34:00.000000', 3.25, 140, 1715),
(4492, '2022-01-08 03:47:00.000000', 2, 119, 1583),
(4493, '2022-01-08 03:55:00.000000', 2.8, 105, 1527),
(4494, '2022-01-08 03:59:00.000000', 3.6, 119, 1524),
(4495, '2022-01-08 04:06:00.000000', 2.5, 101, 1676),
(4496, '2022-01-08 04:09:00.000000', 2.5, 133, 1695),
(4497, '2022-01-08 04:13:00.000000', 1.6, 145, 1570),
(4498, '2022-01-08 05:14:00.000000', 14.7, 123, 1625),
(4499, '2022-01-08 05:16:00.000000', 2.5, 139, 1681),
(4500, '2022-01-08 05:16:00.000000', 2.5, 146, 1695),
(4501, '2022-01-08 05:22:00.000000', 2.2, 109, 1523),
(4502, '2022-01-08 05:48:00.000000', 3.4, 132, 1626),
(4503, '2022-01-08 05:49:00.000000', 3.4, 132, 1626),
(4504, '2022-01-08 06:05:00.000000', 3.35, 138, 1721),
(4505, '2022-01-08 06:18:00.000000', 1.9, 144, 1751),
(4506, '2022-01-08 06:19:00.000000', 2.5, 103, 1693),
(4507, '2022-01-08 06:41:00.000000', 2.4, 106, 1747),
(4508, '2022-01-08 06:44:00.000000', 1.4, 135, 1568),
(4509, '2022-01-08 07:02:00.000000', 2.4, 112, 1747),
(4510, '2022-01-08 07:35:00.000000', 2.2, 136, 1523),
(4511, '2022-01-08 07:42:00.000000', 3.1, 124, 1528),
(4512, '2022-01-08 08:00:00.000000', 1.9, 112, 1752),
(4513, '2022-01-08 08:24:00.000000', 1.5, 141, 1578),
(4514, '2022-01-08 09:13:00.000000', 3.25, 138, 1713),
(4515, '2022-01-08 09:53:00.000000', 2.5, 107, 1685),
(4516, '2022-01-08 09:56:00.000000', 3.5, 112, 1749),
(4517, '2022-01-08 09:58:00.000000', 2.5, 116, 1710),
(4518, '2022-01-08 11:14:00.000000', 1.9, 145, 1751),
(4519, '2022-01-08 11:55:00.000000', 1.4, 136, 1573),
(4520, '2022-01-08 11:57:00.000000', 2, 124, 1520),
(4521, '2022-01-08 12:20:00.000000', 1.7, 144, 1555),
(4522, '2022-01-08 12:32:00.000000', 3.85, 129, 1712),
(4523, '2022-01-08 12:59:00.000000', 1.4, 140, 1568),
(4524, '2022-01-08 13:08:00.000000', 3.5, 123, 1749),
(4525, '2022-01-08 13:09:00.000000', 2.05, 106, 1634),
(4526, '2022-01-08 13:14:00.000000', 2.3, 112, 1746),
(4527, '2022-01-08 13:41:00.000000', 2.5, 125, 1692),
(4528, '2022-01-08 14:00:00.000000', 2.5, 105, 1708),
(4529, '2022-01-08 14:04:00.000000', 3.4, 142, 1627),
(4530, '2022-01-08 14:10:00.000000', 2.5, 144, 1690),
(4531, '2022-01-08 14:26:00.000000', 2.5, 114, 1678),
(4532, '2022-01-08 14:56:00.000000', 3.55, 140, 1718),
(4533, '2022-01-08 15:12:00.000000', 2.5, 103, 1697),
(4534, '2022-01-08 15:15:00.000000', 2.5, 125, 1681),
(4535, '2022-01-08 16:09:00.000000', 1.6, 126, 1570),
(4536, '2022-01-08 16:49:00.000000', 3.55, 104, 1718),
(4537, '2022-01-08 17:15:00.000000', 3.25, 102, 1714),
(4538, '2022-01-08 17:33:00.000000', 3.5, 144, 1750),
(4539, '2022-01-08 17:45:00.000000', 3.85, 102, 1711),
(4540, '2022-01-08 18:10:00.000000', 1.7, 141, 1555),
(4541, '2022-01-08 18:10:00.000000', 1.9, 110, 1751),
(4542, '2022-01-08 18:48:00.000000', 4.2, 109, 1720),
(4543, '2022-01-08 19:05:00.000000', 1.9, 137, 1630),
(4544, '2022-01-08 19:38:00.000000', 2.5, 133, 1679),
(4545, '2022-01-08 20:04:00.000000', 2.5, 101, 1687),
(4546, '2022-01-08 20:58:00.000000', 3.25, 105, 1715),
(4547, '2022-01-08 20:59:00.000000', 3.4, 113, 1627),
(4548, '2022-01-08 21:53:00.000000', 2.5, 125, 1693),
(4549, '2022-01-08 22:03:00.000000', 2.5, 115, 1695),
(4550, '2022-01-08 22:20:00.000000', 4.2, 125, 1719),
(4551, '2022-01-08 22:57:00.000000', 4.15, 102, 1724),
(4552, '2022-01-08 23:01:00.000000', 2.05, 106, 1634),
(4553, '2022-01-08 23:08:00.000000', 2.95, 137, 1628),
(4554, '2022-01-08 23:21:00.000000', 1.8, 135, 1574),
(4555, '2022-01-09 00:01:00.000000', 1.9, 106, 1630),
(4556, '2022-01-09 00:03:00.000000', 1.7, 120, 1554),
(4557, '2022-01-09 00:23:00.000000', 2.95, 118, 1629),
(4558, '2022-01-09 00:24:00.000000', 1.85, 132, 1632),
(4559, '2022-01-09 00:55:00.000000', 3.25, 140, 1713),
(4560, '2022-01-09 00:57:00.000000', 3.5, 136, 1750),
(4561, '2022-01-09 01:06:00.000000', 1.9, 122, 1751),
(4562, '2022-01-09 01:08:00.000000', 3.85, 102, 1712),
(4563, '2022-01-09 01:10:00.000000', 2.5, 139, 1695),
(4564, '2022-01-09 01:14:00.000000', 1, 116, 1584),
(4565, '2022-01-09 01:42:00.000000', 1.8, 146, 1556),
(4566, '2022-01-09 02:59:00.000000', 2.5, 103, 1698),
(4567, '2022-01-09 03:31:00.000000', 2.4, 110, 1747),
(4568, '2022-01-09 03:35:00.000000', 2.3, 104, 1746),
(4569, '2022-01-09 04:03:00.000000', 3.85, 128, 1712),
(4570, '2022-01-09 04:38:00.000000', 2.7, 118, 1660),
(4571, '2022-01-09 04:40:00.000000', 2.05, 144, 1662),
(4572, '2022-01-09 04:52:00.000000', 1.7, 110, 1555),
(4573, '2022-01-09 05:30:00.000000', 1.8, 141, 1574),
(4574, '2022-01-09 05:31:00.000000', 4.15, 120, 1723),
(4575, '2022-01-09 05:57:00.000000', 2.5, 124, 1689),
(4576, '2022-01-09 07:04:00.000000', 1.2, 144, 1563),
(4577, '2022-01-09 07:25:00.000000', 3.1, 106, 1528),
(4578, '2022-01-09 08:04:00.000000', 1.8, 141, 1556),
(4579, '2022-01-09 08:16:00.000000', 2.5, 122, 1675),
(4580, '2022-01-09 08:19:00.000000', 2.5, 123, 1753),
(4581, '2022-01-09 08:41:00.000000', 2.05, 141, 1634),
(4582, '2022-01-09 08:42:00.000000', 1.85, 132, 1632),
(4583, '2022-01-09 08:51:00.000000', 1.7, 120, 1554),
(4584, '2022-01-09 09:03:00.000000', 1.8, 106, 1575),
(4585, '2022-01-09 09:04:00.000000', 2, 135, 1521),
(4586, '2022-01-09 09:11:00.000000', 2.5, 120, 1690),
(4587, '2022-01-09 09:18:00.000000', 2.8, 131, 1527),
(4588, '2022-01-09 09:39:00.000000', 3.15, 137, 1659),
(4589, '2022-01-09 09:46:00.000000', 1.7, 109, 1555),
(4590, '2022-01-09 09:58:00.000000', 1.9, 125, 1752),
(4591, '2022-01-09 10:53:00.000000', 2.5, 113, 1700),
(4592, '2022-01-09 11:11:00.000000', 1.4, 109, 1580),
(4593, '2022-01-09 11:31:00.000000', 1.2, 135, 1562),
(4594, '2022-01-09 11:57:00.000000', 2.5, 127, 1676),
(4595, '2022-01-09 12:15:00.000000', 2.5, 133, 1707),
(4596, '2022-01-09 12:47:00.000000', 1.5, 144, 1578),
(4597, '2022-01-09 12:52:00.000000', 3.85, 128, 1711),
(4598, '2022-01-09 13:09:00.000000', 2.1, 118, 1654),
(4599, '2022-01-09 13:13:00.000000', 1.2, 144, 1552),
(4600, '2022-01-09 13:14:00.000000', 3.1, 127, 1529),
(4601, '2022-01-09 13:22:00.000000', 1.2, 141, 1552),
(4602, '2022-01-09 13:31:00.000000', 3, 130, 1550),
(4603, '2022-01-09 14:10:00.000000', 3.4, 117, 1627),
(4604, '2022-01-09 14:48:00.000000', 2.5, 107, 1685),
(4605, '2022-01-09 14:58:00.000000', 2.4, 122, 1748),
(4606, '2022-01-09 15:51:00.000000', 4.2, 104, 1720),
(4607, '2022-01-09 16:40:00.000000', 2.5, 107, 1699),
(4608, '2022-01-09 17:00:00.000000', 3.35, 104, 1722),
(4609, '2022-01-09 17:06:00.000000', 3.1, 142, 1529),
(4610, '2022-01-09 17:11:00.000000', 3.55, 138, 1717),
(4611, '2022-01-09 17:17:00.000000', 2.7, 118, 1660),
(4612, '2022-01-09 17:26:00.000000', 2.5, 113, 1672),
(4613, '2022-01-09 17:27:00.000000', 1.9, 132, 1630),
(4614, '2022-01-09 17:30:00.000000', 2.6, 118, 1656),
(4615, '2022-01-09 17:40:00.000000', 1.85, 129, 1633),
(4616, '2022-01-09 17:47:00.000000', 3.1, 140, 1528),
(4617, '2022-01-09 17:56:00.000000', 2.3, 134, 1745),
(4618, '2022-01-09 17:58:00.000000', 2.5, 129, 1675),
(4619, '2022-01-09 18:07:00.000000', 1.6, 116, 1570),
(4620, '2022-01-09 18:14:00.000000', 3, 141, 1551),
(4621, '2022-01-09 18:21:00.000000', 2.5, 113, 1670),
(4622, '2022-01-09 18:35:00.000000', 0.5, 144, 1561),
(4623, '2022-01-09 18:45:00.000000', 2.05, 106, 1634),
(4624, '2022-01-09 18:46:00.000000', 2, 130, 1582),
(4625, '2022-01-09 18:47:00.000000', 1.5, 126, 1579),
(4626, '2022-01-09 18:58:00.000000', 1.4, 146, 1573),
(4627, '2022-01-09 19:11:00.000000', 3.25, 135, 1714),
(4628, '2022-01-09 19:59:00.000000', 0.5, 126, 1560),
(4629, '2022-01-09 20:01:00.000000', 1.4, 138, 1580),
(4630, '2022-01-09 20:13:00.000000', 1.4, 136, 1576),
(4631, '2022-01-09 20:32:00.000000', 2, 142, 1520),
(4632, '2022-01-09 20:38:00.000000', 2.5, 129, 1695),
(4633, '2022-01-09 20:52:00.000000', 3.55, 139, 1717),
(4634, '2022-01-09 21:04:00.000000', 3.35, 111, 1722),
(4635, '2022-01-09 21:59:00.000000', 2, 105, 1521),
(4636, '2022-01-09 22:06:00.000000', 1.9, 132, 1630),
(4637, '2022-01-09 22:34:00.000000', 3.5, 112, 1749),
(4638, '2022-01-09 22:43:00.000000', 2.8, 131, 1527),
(4639, '2022-01-09 22:48:00.000000', 1.2, 136, 1553),
(4640, '2022-01-09 22:54:00.000000', 3, 140, 1550),
(4641, '2022-01-09 22:54:00.000000', 1.4, 135, 1586),
(4642, '2022-01-09 23:11:00.000000', 2.5, 123, 1694),
(4643, '2022-01-09 23:51:00.000000', 2.5, 130, 1678),
(4644, '2022-01-10 00:10:00.000000', 3.15, 108, 1659),
(4645, '2022-01-10 00:14:00.000000', 1.4, 136, 1580),
(4646, '2022-01-10 00:36:00.000000', 2.5, 129, 1675),
(4647, '2022-01-10 01:04:00.000000', 2.05, 124, 1663),
(4648, '2022-01-10 01:10:00.000000', 1.4, 138, 1586),
(4649, '2022-01-10 01:27:00.000000', 2.5, 107, 1681),
(4650, '2022-01-10 01:37:00.000000', 3.85, 115, 1712),
(4651, '2022-01-10 01:39:00.000000', 2.05, 106, 1635),
(4652, '2022-01-10 02:08:00.000000', 1.85, 137, 1632),
(4653, '2022-01-10 02:21:00.000000', 3.6, 105, 1525),
(4654, '2022-01-10 02:33:00.000000', 2.5, 114, 1696),
(4655, '2022-01-10 02:39:00.000000', 3.1, 123, 1528),
(4656, '2022-01-10 02:42:00.000000', 1, 103, 1585),
(4657, '2022-01-10 03:04:00.000000', 2.5, 133, 1690),
(4658, '2022-01-10 03:11:00.000000', 1.35, 115, 1652),
(4659, '2022-01-10 03:18:00.000000', 1.9, 123, 1751),
(4660, '2022-01-10 03:27:00.000000', 0.9, 120, 1558),
(4661, '2022-01-10 03:42:00.000000', 2.6, 108, 1656),
(4662, '2022-01-10 03:43:00.000000', 2.8, 116, 1526),
(4663, '2022-01-10 03:54:00.000000', 1.85, 106, 1633),
(4664, '2022-01-10 04:36:00.000000', 2.8, 134, 1527),
(4665, '2022-01-10 05:18:00.000000', 2.5, 103, 1709),
(4666, '2022-01-10 05:24:00.000000', 0.5, 116, 1561),
(4667, '2022-01-10 05:29:00.000000', 2.2, 144, 1522),
(4668, '2022-01-10 05:45:00.000000', 2.6, 118, 1656),
(4669, '2022-01-10 05:47:00.000000', 2.95, 113, 1628),
(4670, '2022-01-10 05:53:00.000000', 1.6, 124, 1570),
(4671, '2022-01-10 05:57:00.000000', 3.6, 124, 1524),
(4672, '2022-01-10 06:02:00.000000', 3.5, 132, 1750),
(4673, '2022-01-10 06:50:00.000000', 2, 127, 1521),
(4674, '2022-01-10 06:57:00.000000', 3.85, 140, 1711),
(4675, '2022-01-10 07:08:00.000000', 3.5, 134, 1749),
(4676, '2022-01-10 07:09:00.000000', 2.5, 107, 1684),
(4677, '2022-01-10 07:39:00.000000', 2.5, 125, 1682),
(4678, '2022-01-10 07:42:00.000000', 2.5, 125, 1677),
(4679, '2022-01-10 07:47:00.000000', 2.5, 136, 1688),
(4680, '2022-01-10 07:58:00.000000', 2, 126, 1582),
(4681, '2022-01-10 08:06:00.000000', 2.2, 105, 1523),
(4682, '2022-01-10 08:49:00.000000', 2, 122, 1520),
(4683, '2022-01-10 08:57:00.000000', 1.2, 120, 1565),
(4684, '2022-01-10 09:11:00.000000', 1, 145, 1585),
(4685, '2022-01-10 09:20:00.000000', 2.5, 103, 1678),
(4686, '2022-01-10 09:22:00.000000', 1.2, 141, 1552),
(4687, '2022-01-10 09:26:00.000000', 2, 141, 1583),
(4688, '2022-01-10 09:30:00.000000', 3.85, 110, 1711),
(4689, '2022-01-10 09:41:00.000000', 1.4, 120, 1568),
(4690, '2022-01-10 10:16:00.000000', 4.2, 102, 1720),
(4691, '2022-01-10 10:17:00.000000', 2.5, 125, 1702),
(4692, '2022-01-10 10:23:00.000000', 2.5, 114, 1690),
(4693, '2022-01-10 10:24:00.000000', 2.2, 119, 1522),
(4694, '2022-01-10 11:27:00.000000', 3, 135, 1551),
(4695, '2022-01-10 11:51:00.000000', 2.5, 101, 1693),
(4696, '2022-01-10 12:07:00.000000', 4.2, 104, 1720),
(4697, '2022-01-10 12:19:00.000000', 1.4, 120, 1569),
(4698, '2022-01-10 12:58:00.000000', 2.05, 137, 1634),
(4699, '2022-01-10 13:27:00.000000', 3.85, 144, 1712),
(4700, '2022-01-10 13:43:00.000000', 2.5, 128, 1678),
(4701, '2022-01-10 13:51:00.000000', 2, 105, 1521),
(4702, '2022-01-10 14:06:00.000000', 4.15, 140, 1724),
(4703, '2022-01-10 14:27:00.000000', 3.35, 104, 1721),
(4704, '2022-01-10 14:30:00.000000', 2.5, 129, 1670),
(4705, '2022-01-10 14:33:00.000000', 1.7, 135, 1555),
(4706, '2022-01-10 15:05:00.000000', 1.6, 107, 1571),
(4707, '2022-01-10 15:12:00.000000', 3.6, 103, 1524),
(4708, '2022-01-10 15:14:00.000000', 2.5, 134, 1753),
(4709, '2022-01-10 15:15:00.000000', 3.4, 137, 1626),
(4710, '2022-01-10 15:21:00.000000', 2.5, 110, 1754),
(4711, '2022-01-10 15:28:00.000000', 2.5, 134, 1753),
(4712, '2022-01-10 15:41:00.000000', 2.5, 107, 1704),
(4713, '2022-01-10 15:50:00.000000', 3.85, 117, 1711),
(4714, '2022-01-10 15:52:00.000000', 1.4, 135, 1573),
(4715, '2022-01-10 16:01:00.000000', 0.9, 139, 1559),
(4716, '2022-01-10 16:16:00.000000', 14.7, 105, 1625),
(4717, '2022-01-10 17:01:00.000000', 1.4, 120, 1577),
(4718, '2022-01-10 17:16:00.000000', 1.4, 146, 1577),
(4719, '2022-01-10 17:28:00.000000', 4.2, 127, 1720),
(4720, '2022-01-10 17:29:00.000000', 2.5, 139, 1700),
(4721, '2022-01-10 18:01:00.000000', 2.4, 134, 1747),
(4722, '2022-01-10 18:20:00.000000', 3.55, 116, 1717),
(4723, '2022-01-10 19:56:00.000000', 1.8, 111, 1557),
(4724, '2022-01-10 20:12:00.000000', 2.95, 137, 1628),
(4725, '2022-01-10 20:31:00.000000', 3.6, 107, 1525),
(4726, '2022-01-10 20:38:00.000000', 1.7, 136, 1554),
(4727, '2022-01-10 21:50:00.000000', 3.6, 124, 1524),
(4728, '2022-01-10 22:20:00.000000', 2.5, 129, 1674),
(4729, '2022-01-10 22:30:00.000000', 14.7, 135, 1625),
(4730, '2022-01-10 22:51:00.000000', 3.4, 102, 1626),
(4731, '2022-01-10 23:18:00.000000', 2.5, 105, 1677),
(4732, '2022-01-11 00:24:00.000000', 1, 108, 1585),
(4733, '2022-01-11 00:54:00.000000', 3.25, 147, 1714),
(4734, '2022-01-11 01:03:00.000000', 1.2, 142, 1564),
(4735, '2022-01-11 01:07:00.000000', 2.6, 118, 1657),
(4736, '2022-01-11 01:25:00.000000', 2.3, 134, 1746),
(4737, '2022-01-11 01:41:00.000000', 3, 120, 1551),
(4738, '2022-01-11 02:02:00.000000', 3.6, 105, 1525),
(4739, '2022-01-11 02:07:00.000000', 2.5, 144, 1698),
(4740, '2022-01-11 02:07:00.000000', 2.5, 116, 1701),
(4741, '2022-01-11 02:31:00.000000', 3.5, 147, 1750),
(4742, '2022-01-11 02:40:00.000000', 1.4, 146, 1586),
(4743, '2022-01-11 03:19:00.000000', 1.8, 126, 1575),
(4744, '2022-01-11 03:26:00.000000', 2.95, 132, 1628),
(4745, '2022-01-11 03:40:00.000000', 2.5, 113, 1702),
(4746, '2022-01-11 03:49:00.000000', 3.5, 123, 1749),
(4747, '2022-01-11 03:57:00.000000', 14.7, 143, 1625),
(4748, '2022-01-11 04:13:00.000000', 2.5, 132, 1672),
(4749, '2022-01-11 04:13:00.000000', 3.25, 140, 1713),
(4750, '2022-01-11 04:18:00.000000', 1, 138, 1585),
(4751, '2022-01-11 04:33:00.000000', 1.2, 136, 1565),
(4752, '2022-01-11 04:34:00.000000', 3.55, 127, 1717),
(4753, '2022-01-11 05:18:00.000000', 2.6, 116, 1656),
(4754, '2022-01-11 06:26:00.000000', 2.5, 139, 1694),
(4755, '2022-01-11 06:29:00.000000', 2.5, 129, 1679),
(4756, '2022-01-11 06:38:00.000000', 2.3, 112, 1745),
(4757, '2022-01-11 07:00:00.000000', 1.9, 105, 1752),
(4758, '2022-01-11 07:04:00.000000', 2.05, 106, 1634),
(4759, '2022-01-11 07:10:00.000000', 3.6, 119, 1524),
(4760, '2022-01-11 08:13:00.000000', 1.5, 111, 1578),
(4761, '2022-01-11 08:19:00.000000', 1.8, 142, 1575),
(4762, '2022-01-11 09:05:00.000000', 3.4, 123, 1626),
(4763, '2022-01-11 09:25:00.000000', 2.5, 139, 1710),
(4764, '2022-01-11 10:04:00.000000', 1.4, 120, 1586),
(4765, '2022-01-11 10:13:00.000000', 2.5, 101, 1707),
(4766, '2022-01-11 10:32:00.000000', 1.2, 124, 1563),
(4767, '2022-01-11 10:36:00.000000', 2, 142, 1582),
(4768, '2022-01-11 10:52:00.000000', 2.8, 136, 1527),
(4769, '2022-01-11 11:03:00.000000', 2.95, 107, 1628),
(4770, '2022-01-11 11:44:00.000000', 2.5, 125, 1710),
(4771, '2022-01-11 12:46:00.000000', 1.4, 107, 1581),
(4772, '2022-01-11 12:48:00.000000', 2, 124, 1521),
(4773, '2022-01-11 12:56:00.000000', 0.5, 134, 1560),
(4774, '2022-01-11 14:06:00.000000', 2, 130, 1520),
(4775, '2022-01-11 14:29:00.000000', 3.35, 102, 1722),
(4776, '2022-01-11 14:50:00.000000', 0.9, 135, 1559),
(4777, '2022-01-11 14:57:00.000000', 0.5, 126, 1560),
(4778, '2022-01-11 15:00:00.000000', 1.2, 136, 1565),
(4779, '2022-01-11 15:15:00.000000', 0.9, 136, 1559),
(4780, '2022-01-11 15:15:00.000000', 2.5, 101, 1676),
(4781, '2022-01-11 15:25:00.000000', 2.5, 101, 1683),
(4782, '2022-01-11 15:42:00.000000', 2.5, 132, 1695),
(4783, '2022-01-11 16:22:00.000000', 2.5, 139, 1680),
(4784, '2022-01-11 17:30:00.000000', 2.5, 142, 1754),
(4785, '2022-01-11 17:42:00.000000', 2.5, 116, 1709),
(4786, '2022-01-11 18:19:00.000000', 3.35, 102, 1721),
(4787, '2022-01-11 18:27:00.000000', 2, 131, 1521),
(4788, '2022-01-11 18:36:00.000000', 1.4, 120, 1573),
(4789, '2022-01-11 19:30:00.000000', 2.05, 132, 1634),
(4790, '2022-01-11 19:49:00.000000', 3.25, 115, 1715),
(4791, '2022-01-11 19:52:00.000000', 1.9, 123, 1752),
(4792, '2022-01-11 20:04:00.000000', 2.5, 147, 1672),
(4793, '2022-01-11 21:19:00.000000', 1.4, 144, 1580),
(4794, '2022-01-11 21:30:00.000000', 1.4, 141, 1586),
(4795, '2022-01-11 21:36:00.000000', 2.5, 116, 1674),
(4796, '2022-01-11 21:44:00.000000', 2.1, 144, 1567),
(4797, '2022-01-11 21:54:00.000000', 2.5, 145, 1687),
(4798, '2022-01-11 21:59:00.000000', 2.5, 129, 1672),
(4799, '2022-01-11 22:05:00.000000', 0.9, 126, 1559),
(4800, '2022-01-11 22:07:00.000000', 3.4, 120, 1627),
(4801, '2022-01-11 22:21:00.000000', 4.2, 130, 1719),
(4802, '2022-01-11 22:48:00.000000', 1.2, 145, 1564),
(4803, '2022-01-11 23:15:00.000000', 1.5, 111, 1579),
(4804, '2022-01-11 23:18:00.000000', 2, 119, 1521),
(4805, '2022-01-11 23:25:00.000000', 3.55, 138, 1717),
(4806, '2022-01-12 00:06:00.000000', 2.3, 116, 1746),
(4807, '2022-01-12 00:40:00.000000', 1.9, 109, 1630),
(4808, '2022-01-12 02:06:00.000000', 1.85, 147, 1632),
(4809, '2022-01-12 02:07:00.000000', 3.6, 124, 1524),
(4810, '2022-01-12 02:24:00.000000', 2.5, 129, 1680),
(4811, '2022-01-12 02:37:00.000000', 1.7, 144, 1554),
(4812, '2022-01-12 02:43:00.000000', 2.5, 103, 1692),
(4813, '2022-01-12 03:04:00.000000', 2.5, 140, 1693),
(4814, '2022-01-12 03:20:00.000000', 2.95, 109, 1628),
(4815, '2022-01-12 03:43:00.000000', 3.6, 142, 1524),
(4816, '2022-01-12 03:43:00.000000', 2.5, 117, 1676),
(4817, '2022-01-12 04:32:00.000000', 3.85, 138, 1711),
(4818, '2022-01-12 05:09:00.000000', 3.85, 102, 1712),
(4819, '2022-01-12 05:43:00.000000', 2.2, 118, 1522),
(4820, '2022-01-12 05:55:00.000000', 3.25, 140, 1715),
(4821, '2022-01-12 06:27:00.000000', 2, 124, 1521),
(4822, '2022-01-12 06:54:00.000000', 2.5, 123, 1698),
(4823, '2022-01-12 07:01:00.000000', 2, 105, 1520),
(4824, '2022-01-12 07:44:00.000000', 2.5, 120, 1685),
(4825, '2022-01-12 08:38:00.000000', 2.05, 137, 1634),
(4826, '2022-01-12 09:13:00.000000', 1.4, 146, 1569),
(4827, '2022-01-12 10:08:00.000000', 4.15, 126, 1724),
(4828, '2022-01-12 10:16:00.000000', 2.05, 106, 1634),
(4829, '2022-01-12 10:20:00.000000', 2.5, 123, 1695),
(4830, '2022-01-12 10:39:00.000000', 2.2, 124, 1523),
(4831, '2022-01-12 10:46:00.000000', 3.85, 115, 1711),
(4832, '2022-01-12 11:13:00.000000', 1.4, 136, 1568),
(4833, '2022-01-12 11:34:00.000000', 2.5, 134, 1754),
(4834, '2022-01-12 11:46:00.000000', 1, 130, 1584),
(4835, '2022-01-12 12:10:00.000000', 2.3, 122, 1745),
(4836, '2022-01-12 12:16:00.000000', 2.95, 105, 1628),
(4837, '2022-01-12 12:28:00.000000', 3.1, 121, 1529),
(4838, '2022-01-12 12:38:00.000000', 3.5, 126, 1749),
(4839, '2022-01-12 12:50:00.000000', 2.3, 112, 1745),
(4840, '2022-01-12 13:04:00.000000', 1.6, 146, 1570),
(4841, '2022-01-12 13:26:00.000000', 2, 131, 1521),
(4842, '2022-01-12 14:08:00.000000', 2.95, 137, 1628),
(4843, '2022-01-12 14:08:00.000000', 1.85, 106, 1633),
(4844, '2022-01-12 14:16:00.000000', 2.5, 116, 1678),
(4845, '2022-01-12 14:26:00.000000', 4.2, 138, 1719),
(4846, '2022-01-12 14:50:00.000000', 1.8, 111, 1575),
(4847, '2022-01-12 15:03:00.000000', 4.2, 140, 1719),
(4848, '2022-01-12 15:05:00.000000', 2.1, 106, 1566),
(4849, '2022-01-12 15:48:00.000000', 1.9, 122, 1630),
(4850, '2022-01-12 16:37:00.000000', 2.3, 123, 1746),
(4851, '2022-01-12 16:53:00.000000', 2.5, 127, 1679),
(4852, '2022-01-12 17:20:00.000000', 2.5, 111, 1689),
(4853, '2022-01-12 18:18:00.000000', 2.5, 103, 1670),
(4854, '2022-01-12 18:20:00.000000', 4.2, 140, 1719),
(4855, '2022-01-12 20:18:00.000000', 2.5, 103, 1699),
(4856, '2022-01-12 20:45:00.000000', 2.05, 137, 1635),
(4857, '2022-01-12 20:51:00.000000', 1.2, 109, 1563),
(4858, '2022-01-12 21:03:00.000000', 2, 142, 1521),
(4859, '2022-01-12 21:07:00.000000', 2.5, 133, 1695),
(4860, '2022-01-12 21:21:00.000000', 2.5, 135, 1753),
(4861, '2022-01-12 21:36:00.000000', 1.8, 124, 1556),
(4862, '2022-01-12 21:47:00.000000', 3.15, 118, 1659),
(4863, '2022-01-12 22:08:00.000000', 1.4, 126, 1568),
(4864, '2022-01-12 22:44:00.000000', 3.25, 128, 1714),
(4865, '2022-01-12 22:58:00.000000', 3.6, 131, 1524),
(4866, '2022-01-12 23:15:00.000000', 2.6, 129, 1656),
(4867, '2022-01-12 23:24:00.000000', 1.9, 140, 1631),
(4868, '2022-01-12 23:43:00.000000', 2.05, 147, 1634),
(4869, '2022-01-12 23:50:00.000000', 0.5, 145, 1561),
(4870, '2022-01-13 00:17:00.000000', 3.25, 136, 1715),
(4871, '2022-01-13 00:20:00.000000', 2.5, 113, 1702),
(4872, '2022-01-13 00:43:00.000000', 2.5, 106, 1753),
(4873, '2022-01-13 01:01:00.000000', 2.3, 139, 1746),
(4874, '2022-01-13 01:44:00.000000', 2.3, 112, 1745),
(4875, '2022-01-13 01:49:00.000000', 1.4, 144, 1581),
(4876, '2022-01-13 01:54:00.000000', 2.2, 119, 1523),
(4877, '2022-01-13 02:15:00.000000', 2.5, 146, 1680),
(4878, '2022-01-13 02:32:00.000000', 2.5, 135, 1699),
(4879, '2022-01-13 02:37:00.000000', 3.25, 104, 1715),
(4880, '2022-01-13 03:25:00.000000', 2.2, 135, 1523),
(4881, '2022-01-13 03:32:00.000000', 2.5, 101, 1707),
(4882, '2022-01-13 03:52:00.000000', 3.25, 113, 1715),
(4883, '2022-01-13 04:26:00.000000', 1.8, 136, 1575),
(4884, '2022-01-13 04:33:00.000000', 2, 129, 1520),
(4885, '2022-01-13 04:39:00.000000', 4.2, 115, 1720),
(4886, '2022-01-13 04:56:00.000000', 1.85, 144, 1632),
(4887, '2022-01-13 05:32:00.000000', 2.5, 132, 1678),
(4888, '2022-01-13 06:26:00.000000', 2.5, 145, 1695),
(4889, '2022-01-13 06:28:00.000000', 2.05, 132, 1634),
(4890, '2022-01-13 06:36:00.000000', 3.25, 108, 1714),
(4891, '2022-01-13 07:31:00.000000', 3.5, 126, 1750),
(4892, '2022-01-13 07:31:00.000000', 3.5, 134, 1750),
(4893, '2022-01-13 07:35:00.000000', 2.5, 105, 1676),
(4894, '2022-01-13 07:42:00.000000', 2, 135, 1582),
(4895, '2022-01-13 07:45:00.000000', 1.8, 111, 1556),
(4896, '2022-01-13 08:35:00.000000', 2.5, 146, 1754),
(4897, '2022-01-13 08:49:00.000000', 2.5, 113, 1708),
(4898, '2022-01-13 10:58:00.000000', 3.6, 142, 1525),
(4899, '2022-01-13 11:00:00.000000', 1.9, 123, 1751),
(4900, '2022-01-13 11:06:00.000000', 3.55, 115, 1717),
(4901, '2022-01-13 12:09:00.000000', 2.3, 123, 1745),
(4902, '2022-01-13 12:13:00.000000', 1.4, 120, 1569),
(4903, '2022-01-13 12:18:00.000000', 2.4, 141, 1747),
(4904, '2022-01-13 12:27:00.000000', 1.2, 102, 1564),
(4905, '2022-01-13 12:32:00.000000', 1.8, 135, 1556),
(4906, '2022-01-13 12:53:00.000000', 1.9, 134, 1752),
(4907, '2022-01-13 13:04:00.000000', 4.2, 110, 1720),
(4908, '2022-01-13 13:48:00.000000', 3.4, 136, 1627),
(4909, '2022-01-13 14:31:00.000000', 1.9, 120, 1752),
(4910, '2022-01-13 14:35:00.000000', 2.5, 139, 1684),
(4911, '2022-01-13 14:46:00.000000', 2.5, 138, 1684),
(4912, '2022-01-13 16:24:00.000000', 2.5, 110, 1754),
(4913, '2022-01-13 16:31:00.000000', 2, 141, 1583),
(4914, '2022-01-13 16:57:00.000000', 1.7, 144, 1555),
(4915, '2022-01-13 17:28:00.000000', 2, 107, 1521),
(4916, '2022-01-13 18:06:00.000000', 2.5, 150, 1700),
(4917, '2022-01-13 18:07:00.000000', 3.4, 147, 1627),
(4918, '2022-01-13 18:18:00.000000', 3.35, 102, 1721),
(4919, '2022-01-13 18:27:00.000000', 1.7, 120, 1554),
(4920, '2022-01-13 18:28:00.000000', 2.8, 127, 1526),
(4921, '2022-01-13 18:35:00.000000', 4.15, 138, 1724),
(4922, '2022-01-13 18:57:00.000000', 2.8, 126, 1527),
(4923, '2022-01-13 19:16:00.000000', 2, 130, 1582),
(4924, '2022-01-13 19:24:00.000000', 2.5, 129, 1701),
(4925, '2022-01-13 19:26:00.000000', 1, 144, 1585),
(4926, '2022-01-13 20:44:00.000000', 1, 118, 1585),
(4927, '2022-01-13 21:01:00.000000', 3.35, 131, 1722),
(4928, '2022-01-13 21:05:00.000000', 1.8, 135, 1557),
(4929, '2022-01-13 21:14:00.000000', 3.6, 119, 1525),
(4930, '2022-01-13 21:21:00.000000', 3.4, 137, 1626),
(4931, '2022-01-13 22:04:00.000000', 2.5, 139, 1692),
(4932, '2022-01-13 22:46:00.000000', 2.7, 111, 1661),
(4933, '2022-01-13 23:05:00.000000', 1.2, 141, 1564),
(4934, '2022-01-13 23:26:00.000000', 2.4, 123, 1748),
(4935, '2022-01-13 23:44:00.000000', 2.95, 147, 1629),
(4936, '2022-01-13 23:57:00.000000', 3.55, 110, 1717),
(4937, '2022-01-14 00:05:00.000000', 3.6, 113, 1524),
(4938, '2022-01-14 00:11:00.000000', 3.85, 140, 1712),
(4939, '2022-01-14 00:16:00.000000', 1.4, 145, 1581),
(4940, '2022-01-14 00:34:00.000000', 3.6, 131, 1524),
(4941, '2022-01-14 00:34:00.000000', 3.35, 107, 1721),
(4942, '2022-01-14 00:37:00.000000', 2.05, 137, 1635),
(4943, '2022-01-14 00:45:00.000000', 2.5, 139, 1676),
(4944, '2022-01-14 01:02:00.000000', 2.5, 125, 1701),
(4945, '2022-01-14 01:10:00.000000', 2.5, 129, 1684),
(4946, '2022-01-14 01:21:00.000000', 2.4, 106, 1747),
(4947, '2022-01-14 01:44:00.000000', 1.2, 137, 1562),
(4948, '2022-01-14 01:51:00.000000', 2.5, 129, 1708),
(4949, '2022-01-14 02:09:00.000000', 3.4, 106, 1627),
(4950, '2022-01-14 02:38:00.000000', 1, 134, 1585),
(4951, '2022-01-14 02:41:00.000000', 3.6, 142, 1525),
(4952, '2022-01-14 03:28:00.000000', 2.95, 138, 1629),
(4953, '2022-01-14 03:49:00.000000', 2.1, 118, 1654),
(4954, '2022-01-14 04:20:00.000000', 2.1, 107, 1567),
(4955, '2022-01-14 04:22:00.000000', 2.5, 107, 1687),
(4956, '2022-01-14 04:25:00.000000', 1.4, 132, 1586),
(4957, '2022-01-14 04:42:00.000000', 3.35, 102, 1721),
(4958, '2022-01-14 05:45:00.000000', 0.5, 130, 1561),
(4959, '2022-01-14 05:49:00.000000', 2.5, 141, 1710),
(4960, '2022-01-14 06:23:00.000000', 2.1, 108, 1654),
(4961, '2022-01-14 06:49:00.000000', 2.5, 129, 1691),
(4962, '2022-01-14 07:26:00.000000', 1.4, 119, 1587),
(4963, '2022-01-14 08:12:00.000000', 2.05, 134, 1635),
(4964, '2022-01-14 08:14:00.000000', 2.5, 139, 1701),
(4965, '2022-01-14 08:23:00.000000', 1.7, 120, 1554),
(4966, '2022-01-14 08:28:00.000000', 3.35, 128, 1722),
(4967, '2022-01-14 09:10:00.000000', 1.8, 131, 1557);
INSERT INTO `pass` (`id`, `timestamp`, `charge`, `tag_id`, `tollStation_id`) VALUES
(4968, '2022-01-14 09:10:00.000000', 1.9, 112, 1752),
(4969, '2022-01-14 09:21:00.000000', 3.1, 117, 1528),
(4970, '2022-01-14 09:30:00.000000', 2.5, 113, 1681),
(4971, '2022-01-14 09:36:00.000000', 2.1, 118, 1655),
(4972, '2022-01-14 10:11:00.000000', 1.7, 115, 1555),
(4973, '2022-01-14 10:54:00.000000', 1.4, 141, 1587),
(4974, '2022-01-14 11:09:00.000000', 2.05, 101, 1634),
(4975, '2022-01-14 11:15:00.000000', 2.5, 114, 1681),
(4976, '2022-01-14 12:19:00.000000', 2.5, 142, 1705),
(4977, '2022-01-14 12:39:00.000000', 2.8, 127, 1526),
(4978, '2022-01-14 13:03:00.000000', 2.5, 113, 1703),
(4979, '2022-01-14 13:06:00.000000', 3.6, 137, 1524),
(4980, '2022-01-14 13:12:00.000000', 2.4, 123, 1747),
(4981, '2022-01-14 13:31:00.000000', 3.4, 147, 1626),
(4982, '2022-01-14 14:08:00.000000', 2.5, 125, 1691),
(4983, '2022-01-14 14:44:00.000000', 14.7, 149, 1624),
(4984, '2022-01-14 15:02:00.000000', 3.1, 131, 1529),
(4985, '2022-01-14 15:04:00.000000', 3.5, 110, 1750),
(4986, '2022-01-14 15:12:00.000000', 2.5, 119, 1705),
(4987, '2022-01-14 15:22:00.000000', 3.35, 102, 1722),
(4988, '2022-01-14 16:26:00.000000', 14.7, 102, 1625),
(4989, '2022-01-14 17:38:00.000000', 1.6, 114, 1571),
(4990, '2022-01-14 17:40:00.000000', 2.8, 119, 1526),
(4991, '2022-01-14 17:48:00.000000', 2.5, 139, 1678),
(4992, '2022-01-14 18:03:00.000000', 2.4, 112, 1747),
(4993, '2022-01-14 18:07:00.000000', 1.2, 139, 1565),
(4994, '2022-01-14 18:10:00.000000', 1.2, 133, 1563),
(4995, '2022-01-14 18:14:00.000000', 2.8, 138, 1527),
(4996, '2022-01-14 18:45:00.000000', 1.9, 109, 1630),
(4997, '2022-01-14 18:46:00.000000', 2.5, 138, 1707),
(4998, '2022-01-14 20:12:00.000000', 3.85, 130, 1711),
(4999, '2022-01-14 20:17:00.000000', 1.4, 146, 1573),
(5000, '2022-01-14 21:00:00.000000', 1.5, 136, 1578),
(5001, '2022-01-14 21:11:00.000000', 2.95, 113, 1629),
(5002, '2022-01-14 21:17:00.000000', 2.5, 111, 1683),
(5003, '2022-01-14 21:32:00.000000', 14.7, 149, 1624),
(5004, '2022-01-14 21:37:00.000000', 2.5, 113, 1677),
(5005, '2022-01-14 21:43:00.000000', 2.05, 109, 1635),
(5006, '2022-01-14 22:18:00.000000', 3.25, 138, 1713),
(5007, '2022-01-14 22:19:00.000000', 2, 115, 1521),
(5008, '2022-01-14 22:59:00.000000', 2, 136, 1582),
(5009, '2022-01-14 23:28:00.000000', 2.5, 114, 1701),
(5010, '2022-01-14 23:36:00.000000', 2.5, 109, 1684),
(5011, '2022-01-14 23:59:00.000000', 2.5, 145, 1672),
(5012, '2022-07-17 03:40:00.000000', 2.05, 132, 1634),
(5013, '2022-07-17 03:42:00.000000', 2.4, 112, 1747),
(5014, '2022-07-17 04:11:00.000000', 1.35, 108, 1653),
(5015, '2022-07-17 04:16:00.000000', 3.1, 104, 1528),
(5016, '2022-07-17 04:45:00.000000', 2.3, 129, 1746),
(5017, '2022-07-17 05:00:00.000000', 2.5, 114, 1701),
(5018, '2022-07-17 05:11:00.000000', 1.8, 126, 1575),
(5019, '2022-07-17 05:27:00.000000', 2.5, 101, 1707),
(5020, '2022-07-17 05:35:00.000000', 2.2, 109, 1523),
(5021, '2022-07-17 05:47:00.000000', 3.15, 137, 1659),
(5022, '2022-07-17 05:51:00.000000', 3.1, 105, 1529),
(5023, '2022-07-17 06:01:00.000000', 3.5, 123, 1750),
(5024, '2022-07-17 07:41:00.000000', 3.35, 128, 1722),
(5025, '2022-07-17 07:55:00.000000', 2.5, 113, 1708),
(5026, '2022-07-17 07:58:00.000000', 1.8, 124, 1556),
(5027, '2022-07-17 07:59:00.000000', 3.35, 104, 1722),
(5028, '2022-07-17 08:07:00.000000', 14.7, 143, 1625),
(5029, '2022-07-17 08:10:00.000000', 2, 120, 1582),
(5030, '2022-07-17 08:20:00.000000', 2.5, 132, 1678),
(5031, '2022-07-17 08:21:00.000000', 2.5, 146, 1679),
(5032, '2022-07-17 08:24:00.000000', 2.2, 127, 1523),
(5033, '2022-07-17 08:54:00.000000', 2.6, 118, 1656),
(5034, '2022-07-17 09:03:00.000000', 2.5, 101, 1707),
(5035, '2022-07-17 09:17:00.000000', 1.6, 130, 1571),
(5036, '2022-07-17 09:23:00.000000', 3.25, 108, 1714),
(5037, '2022-07-17 09:39:00.000000', 2.5, 144, 1698),
(5038, '2022-07-17 10:34:00.000000', 4.2, 117, 1720),
(5039, '2022-07-17 11:19:00.000000', 2.8, 147, 1527),
(5040, '2022-07-17 11:26:00.000000', 2.5, 103, 1699),
(5041, '2022-07-17 12:02:00.000000', 2.5, 111, 1683),
(5042, '2022-07-17 12:02:00.000000', 3.25, 135, 1716),
(5043, '2022-07-17 12:24:00.000000', 1.4, 136, 1568),
(5044, '2022-07-17 12:33:00.000000', 2.4, 112, 1747),
(5045, '2022-07-17 12:46:00.000000', 3.15, 108, 1659),
(5046, '2022-07-17 12:55:00.000000', 4.2, 125, 1719),
(5047, '2022-07-17 13:00:00.000000', 2.95, 147, 1629),
(5048, '2022-07-17 13:02:00.000000', 2.5, 125, 1692),
(5049, '2022-07-17 14:23:00.000000', 2, 127, 1521),
(5050, '2022-07-17 14:59:00.000000', 1.4, 132, 1586),
(5051, '2022-07-17 15:38:00.000000', 2.2, 146, 1522),
(5052, '2022-07-17 15:39:00.000000', 2.1, 123, 1566),
(5053, '2022-07-17 15:44:00.000000', 2.4, 123, 1747),
(5054, '2022-07-17 15:47:00.000000', 2.5, 101, 1676),
(5055, '2022-07-17 15:59:00.000000', 3.4, 106, 1627),
(5056, '2022-07-17 16:07:00.000000', 3.5, 110, 1750),
(5057, '2022-07-17 16:39:00.000000', 2.5, 114, 1679),
(5058, '2022-07-17 17:39:00.000000', 2.5, 141, 1674),
(5059, '2022-07-17 17:45:00.000000', 2.95, 105, 1628),
(5060, '2022-07-17 18:01:00.000000', 3.5, 123, 1749),
(5061, '2022-07-17 18:27:00.000000', 2.7, 108, 1660),
(5062, '2022-07-17 18:37:00.000000', 3.4, 137, 1626),
(5063, '2022-07-17 18:58:00.000000', 4.2, 134, 1720),
(5064, '2022-07-17 19:06:00.000000', 3.5, 134, 1750),
(5065, '2022-07-17 19:17:00.000000', 1.4, 146, 1573),
(5066, '2022-07-17 20:07:00.000000', 2.5, 133, 1683),
(5067, '2022-07-17 20:35:00.000000', 3, 114, 1550),
(5068, '2022-07-17 21:57:00.000000', 2.5, 122, 1700),
(5069, '2022-07-17 22:01:00.000000', 2.3, 123, 1746),
(5070, '2022-07-17 22:21:00.000000', 1.6, 146, 1570),
(5071, '2022-07-17 22:21:00.000000', 2.5, 111, 1689),
(5072, '2022-07-17 22:27:00.000000', 2.5, 116, 1671),
(5073, '2022-07-17 22:37:00.000000', 2.1, 108, 1655),
(5074, '2022-07-17 22:38:00.000000', 2, 141, 1583),
(5075, '2022-07-17 23:14:00.000000', 2.95, 138, 1629),
(5076, '2022-07-17 23:40:00.000000', 2.8, 136, 1527),
(5077, '2022-07-17 23:45:00.000000', 0.5, 134, 1560),
(5078, '2022-07-18 01:02:00.000000', 2.7, 118, 1661),
(5079, '2022-07-18 01:03:00.000000', 2.3, 112, 1745),
(5080, '2022-07-18 01:23:00.000000', 1.6, 107, 1571),
(5081, '2022-07-18 01:31:00.000000', 2, 131, 1520),
(5082, '2022-07-18 01:43:00.000000', 2.6, 108, 1656),
(5083, '2022-07-18 02:00:00.000000', 2.1, 118, 1654),
(5084, '2022-07-18 02:05:00.000000', 2.5, 145, 1695),
(5085, '2022-07-18 02:32:00.000000', 4.2, 102, 1720),
(5086, '2022-07-18 03:12:00.000000', 2.5, 114, 1678),
(5087, '2022-07-18 03:21:00.000000', 2.5, 103, 1697),
(5088, '2022-07-18 03:21:00.000000', 1.9, 105, 1752),
(5089, '2022-07-18 03:36:00.000000', 2.4, 112, 1748),
(5090, '2022-07-18 04:35:00.000000', 2.5, 107, 1687),
(5091, '2022-07-18 04:36:00.000000', 3.6, 131, 1525),
(5092, '2022-07-18 05:16:00.000000', 2.7, 111, 1661),
(5093, '2022-07-18 05:19:00.000000', 1.9, 122, 1751),
(5094, '2022-07-18 05:34:00.000000', 2.5, 114, 1705),
(5095, '2022-07-18 06:00:00.000000', 2.5, 139, 1695),
(5096, '2022-07-18 06:17:00.000000', 4.2, 147, 1720),
(5097, '2022-07-18 06:20:00.000000', 1.4, 146, 1573),
(5098, '2022-07-18 06:51:00.000000', 3.4, 137, 1626),
(5099, '2022-07-18 07:16:00.000000', 4.2, 117, 1720),
(5100, '2022-07-18 07:35:00.000000', 2.5, 117, 1691),
(5101, '2022-07-18 07:42:00.000000', 2.5, 123, 1698),
(5102, '2022-07-18 07:45:00.000000', 1.8, 142, 1575),
(5103, '2022-07-18 08:00:00.000000', 2.5, 103, 1699),
(5104, '2022-07-18 08:47:00.000000', 1.9, 123, 1752),
(5105, '2022-07-18 09:15:00.000000', 1.4, 145, 1577),
(5106, '2022-07-18 09:20:00.000000', 2.5, 103, 1704),
(5107, '2022-07-18 09:31:00.000000', 3.25, 143, 1716),
(5108, '2022-07-18 09:36:00.000000', 2.5, 114, 1701),
(5109, '2022-07-18 10:09:00.000000', 2.5, 125, 1694),
(5110, '2022-07-18 10:37:00.000000', 3.25, 140, 1715),
(5111, '2022-07-18 10:54:00.000000', 1.7, 135, 1555),
(5112, '2022-07-18 11:27:00.000000', 1.4, 145, 1573),
(5113, '2022-07-18 12:02:00.000000', 2.8, 131, 1527),
(5114, '2022-07-18 12:14:00.000000', 2.5, 114, 1673),
(5115, '2022-07-18 12:24:00.000000', 2.2, 119, 1522),
(5116, '2022-07-18 12:38:00.000000', 3, 140, 1550),
(5117, '2022-07-18 14:22:00.000000', 1.85, 129, 1633),
(5118, '2022-07-18 14:36:00.000000', 2.5, 117, 1691),
(5119, '2022-07-18 14:36:00.000000', 2.4, 123, 1747),
(5120, '2022-07-18 15:20:00.000000', 4.15, 115, 1723),
(5121, '2022-07-18 15:30:00.000000', 4.2, 110, 1720),
(5122, '2022-07-18 16:03:00.000000', 2.5, 133, 1701),
(5123, '2022-07-18 16:08:00.000000', 2.95, 107, 1628),
(5124, '2022-07-18 16:11:00.000000', 1.85, 106, 1633),
(5125, '2022-07-18 16:20:00.000000', 3, 140, 1550),
(5126, '2022-07-18 16:32:00.000000', 1.4, 141, 1586),
(5127, '2022-07-18 16:41:00.000000', 2, 105, 1520),
(5128, '2022-07-18 17:13:00.000000', 2, 138, 1520),
(5129, '2022-07-18 17:56:00.000000', 2.5, 123, 1698),
(5130, '2022-07-18 18:11:00.000000', 1, 134, 1585),
(5131, '2022-07-18 18:13:00.000000', 3.25, 147, 1714),
(5132, '2022-07-18 18:29:00.000000', 2, 119, 1583),
(5133, '2022-07-18 18:52:00.000000', 4.2, 111, 1719),
(5134, '2022-07-18 19:03:00.000000', 3.1, 131, 1529),
(5135, '2022-07-18 19:18:00.000000', 2.5, 138, 1707),
(5136, '2022-07-18 19:40:00.000000', 1.4, 140, 1568),
(5137, '2022-07-18 20:07:00.000000', 1.9, 125, 1752),
(5138, '2022-07-18 21:39:00.000000', 3.6, 127, 1524),
(5139, '2022-07-18 21:51:00.000000', 1.4, 146, 1569),
(5140, '2022-07-18 21:56:00.000000', 2.7, 118, 1661),
(5141, '2022-07-18 22:49:00.000000', 2.5, 141, 1699),
(5142, '2022-07-19 00:41:00.000000', 2.8, 134, 1526),
(5143, '2022-07-19 00:47:00.000000', 1.4, 107, 1569),
(5144, '2022-07-19 01:02:00.000000', 1.2, 133, 1563),
(5145, '2022-07-19 01:39:00.000000', 2.5, 125, 1709),
(5146, '2022-07-19 01:48:00.000000', 2.5, 110, 1754),
(5147, '2022-07-19 01:51:00.000000', 4.15, 115, 1724),
(5148, '2022-07-19 01:58:00.000000', 1.9, 123, 1751),
(5149, '2022-07-19 02:17:00.000000', 2, 104, 1521),
(5150, '2022-07-19 02:18:00.000000', 2.95, 137, 1628),
(5151, '2022-07-19 02:24:00.000000', 2.5, 134, 1686),
(5152, '2022-07-19 02:41:00.000000', 2.1, 147, 1567),
(5153, '2022-07-19 02:57:00.000000', 4.2, 140, 1719),
(5154, '2022-07-19 03:56:00.000000', 1.9, 120, 1752),
(5155, '2022-07-19 03:57:00.000000', 1.9, 122, 1630),
(5156, '2022-07-19 04:03:00.000000', 4.15, 115, 1724),
(5157, '2022-07-19 04:08:00.000000', 2.5, 129, 1708),
(5158, '2022-07-19 04:24:00.000000', 2.4, 106, 1747),
(5159, '2022-07-19 04:25:00.000000', 2.05, 124, 1663),
(5160, '2022-07-19 04:43:00.000000', 4.15, 120, 1723),
(5161, '2022-07-19 04:51:00.000000', 1.85, 109, 1632),
(5162, '2022-07-19 05:05:00.000000', 2.5, 130, 1678),
(5163, '2022-07-19 05:08:00.000000', 2, 130, 1582),
(5164, '2022-07-19 05:17:00.000000', 2.5, 101, 1687),
(5165, '2022-07-19 05:19:00.000000', 1.8, 146, 1556),
(5166, '2022-07-19 05:57:00.000000', 1.5, 126, 1579),
(5167, '2022-07-19 06:05:00.000000', 2.6, 118, 1656),
(5168, '2022-07-19 06:24:00.000000', 1.4, 137, 1568),
(5169, '2022-07-19 06:53:00.000000', 1.85, 132, 1632),
(5170, '2022-07-19 07:19:00.000000', 3.5, 126, 1750),
(5171, '2022-07-19 07:25:00.000000', 3.6, 127, 1524),
(5172, '2022-07-19 07:39:00.000000', 2.5, 104, 1689),
(5173, '2022-07-19 08:23:00.000000', 2, 119, 1583),
(5174, '2022-07-19 08:43:00.000000', 3.6, 131, 1525),
(5175, '2022-07-19 08:56:00.000000', 3.4, 136, 1627),
(5176, '2022-07-19 10:53:00.000000', 2, 124, 1520),
(5177, '2022-07-19 11:05:00.000000', 3.25, 135, 1716),
(5178, '2022-07-19 11:17:00.000000', 2.5, 133, 1695),
(5179, '2022-07-19 12:29:00.000000', 3.25, 135, 1716),
(5180, '2022-07-19 12:43:00.000000', 3.6, 137, 1524),
(5181, '2022-07-19 12:52:00.000000', 2.5, 139, 1681),
(5182, '2022-07-19 13:06:00.000000', 2.95, 132, 1628),
(5183, '2022-07-19 13:09:00.000000', 3.5, 134, 1750),
(5184, '2022-07-19 13:41:00.000000', 2, 119, 1520),
(5185, '2022-07-19 13:57:00.000000', 0.9, 120, 1558),
(5186, '2022-07-19 14:09:00.000000', 3.6, 111, 1525),
(5187, '2022-07-19 14:20:00.000000', 3.6, 119, 1525),
(5188, '2022-07-19 14:46:00.000000', 2.2, 124, 1523),
(5189, '2022-07-19 14:54:00.000000', 2.05, 137, 1635),
(5190, '2022-07-19 14:55:00.000000', 2.5, 117, 1676),
(5191, '2022-07-19 16:42:00.000000', 2, 141, 1583),
(5192, '2022-07-19 16:46:00.000000', 3.25, 130, 1716),
(5193, '2022-07-19 16:49:00.000000', 1.85, 132, 1632),
(5194, '2022-07-19 16:56:00.000000', 1.2, 139, 1552),
(5195, '2022-07-19 16:59:00.000000', 2.05, 120, 1634),
(5196, '2022-07-19 17:03:00.000000', 1.6, 131, 1570),
(5197, '2022-07-19 17:39:00.000000', 1.7, 144, 1554),
(5198, '2022-07-19 18:00:00.000000', 14.7, 149, 1624),
(5199, '2022-07-19 18:08:00.000000', 2.5, 125, 1701),
(5200, '2022-07-19 19:31:00.000000', 2.5, 125, 1682),
(5201, '2022-07-19 20:19:00.000000', 3.1, 130, 1529),
(5202, '2022-07-19 20:44:00.000000', 3.1, 131, 1529),
(5203, '2022-07-19 20:46:00.000000', 1.9, 109, 1630),
(5204, '2022-07-19 21:02:00.000000', 2.5, 125, 1691),
(5205, '2022-07-19 21:55:00.000000', 2.05, 137, 1635),
(5206, '2022-07-19 22:17:00.000000', 2.5, 113, 1700),
(5207, '2022-07-19 22:20:00.000000', 3.85, 105, 1711),
(5208, '2022-07-19 22:43:00.000000', 2.05, 106, 1634),
(5209, '2022-07-19 23:19:00.000000', 2.5, 115, 1695),
(5210, '2022-07-20 00:01:00.000000', 2.4, 112, 1747),
(5211, '2022-07-20 00:02:00.000000', 2.5, 133, 1695),
(5212, '2022-07-20 00:21:00.000000', 2.2, 109, 1523),
(5213, '2022-07-20 00:50:00.000000', 4.15, 128, 1724),
(5214, '2022-07-20 01:04:00.000000', 2.5, 118, 1678),
(5215, '2022-07-20 01:27:00.000000', 2.7, 126, 1661),
(5216, '2022-07-20 01:29:00.000000', 0.9, 146, 1558),
(5217, '2022-07-20 01:31:00.000000', 2.5, 113, 1677),
(5218, '2022-07-20 01:37:00.000000', 2.5, 117, 1689),
(5219, '2022-07-20 01:45:00.000000', 2.5, 125, 1682),
(5220, '2022-07-20 01:59:00.000000', 2.1, 106, 1566),
(5221, '2022-07-20 02:05:00.000000', 2.4, 110, 1747),
(5222, '2022-07-20 02:11:00.000000', 0.5, 144, 1561),
(5223, '2022-07-20 02:49:00.000000', 0.5, 130, 1561),
(5224, '2022-07-20 02:59:00.000000', 3.15, 108, 1659),
(5225, '2022-07-20 03:01:00.000000', 2.5, 114, 1673),
(5226, '2022-07-20 03:10:00.000000', 2.5, 116, 1710),
(5227, '2022-07-20 03:15:00.000000', 3.4, 116, 1626),
(5228, '2022-07-20 04:26:00.000000', 2.3, 139, 1746),
(5229, '2022-07-20 04:32:00.000000', 1.9, 123, 1751),
(5230, '2022-07-20 05:13:00.000000', 1.4, 126, 1577),
(5231, '2022-07-20 05:29:00.000000', 1.6, 136, 1570),
(5232, '2022-07-20 05:35:00.000000', 2.95, 147, 1629),
(5233, '2022-07-20 05:50:00.000000', 2.5, 103, 1678),
(5234, '2022-07-20 05:58:00.000000', 3.25, 136, 1715),
(5235, '2022-07-20 06:14:00.000000', 2.5, 134, 1753),
(5236, '2022-07-20 06:47:00.000000', 3.5, 134, 1750),
(5237, '2022-07-20 07:04:00.000000', 2.05, 106, 1634),
(5238, '2022-07-20 07:09:00.000000', 4.15, 128, 1724),
(5239, '2022-07-20 07:21:00.000000', 2, 120, 1583),
(5240, '2022-07-20 08:23:00.000000', 2.5, 129, 1691),
(5241, '2022-07-20 08:42:00.000000', 1.6, 111, 1570),
(5242, '2022-07-20 09:16:00.000000', 2.5, 103, 1678),
(5243, '2022-07-20 10:07:00.000000', 2.5, 120, 1685),
(5244, '2022-07-20 10:46:00.000000', 2.5, 107, 1687),
(5245, '2022-07-20 10:55:00.000000', 2.1, 107, 1567),
(5246, '2022-07-20 11:30:00.000000', 3.5, 110, 1750),
(5247, '2022-07-20 11:36:00.000000', 2.5, 103, 1692),
(5248, '2022-07-20 11:47:00.000000', 3.5, 136, 1750),
(5249, '2022-07-20 12:02:00.000000', 2.05, 144, 1662),
(5250, '2022-07-20 12:18:00.000000', 3.55, 104, 1718),
(5251, '2022-07-20 12:50:00.000000', 1.4, 141, 1586),
(5252, '2022-07-20 13:01:00.000000', 3.15, 147, 1658),
(5253, '2022-07-20 13:13:00.000000', 1.2, 139, 1565),
(5254, '2022-07-20 14:59:00.000000', 3.15, 108, 1659),
(5255, '2022-07-20 15:24:00.000000', 2, 111, 1520),
(5256, '2022-07-20 16:00:00.000000', 2.4, 112, 1747),
(5257, '2022-07-20 16:23:00.000000', 3.6, 131, 1525),
(5258, '2022-07-20 17:14:00.000000', 3.35, 102, 1721),
(5259, '2022-07-20 17:30:00.000000', 3.6, 119, 1525),
(5260, '2022-07-20 17:53:00.000000', 1.2, 144, 1563),
(5261, '2022-07-20 18:01:00.000000', 1.7, 109, 1555),
(5262, '2022-07-20 18:25:00.000000', 1.8, 136, 1575),
(5263, '2022-07-20 18:27:00.000000', 2.05, 106, 1635),
(5264, '2022-07-20 18:46:00.000000', 2.5, 116, 1701),
(5265, '2022-07-20 19:12:00.000000', 1.9, 109, 1630),
(5266, '2022-07-20 19:23:00.000000', 2.5, 138, 1707),
(5267, '2022-07-20 19:25:00.000000', 2.3, 116, 1746),
(5268, '2022-07-20 19:51:00.000000', 1.4, 146, 1577),
(5269, '2022-07-20 19:52:00.000000', 2.4, 123, 1748),
(5270, '2022-07-20 20:02:00.000000', 2.7, 145, 1660),
(5271, '2022-07-20 20:25:00.000000', 2.6, 118, 1657),
(5272, '2022-07-20 20:47:00.000000', 2.5, 134, 1753),
(5273, '2022-07-20 21:24:00.000000', 2, 119, 1521),
(5274, '2022-07-20 21:30:00.000000', 2.4, 134, 1747),
(5275, '2022-07-20 21:36:00.000000', 2.3, 129, 1746),
(5276, '2022-07-20 21:49:00.000000', 2.5, 114, 1678),
(5277, '2022-07-20 22:04:00.000000', 2.3, 123, 1746),
(5278, '2022-07-20 22:44:00.000000', 1.7, 120, 1554),
(5279, '2022-07-21 00:07:00.000000', 2.8, 134, 1526),
(5280, '2022-07-21 00:26:00.000000', 2.2, 136, 1523),
(5281, '2022-07-21 01:27:00.000000', 0.9, 145, 1559),
(5282, '2022-07-21 01:59:00.000000', 2.95, 118, 1629),
(5283, '2022-07-21 01:59:00.000000', 2.05, 106, 1634),
(5284, '2022-07-21 02:13:00.000000', 0.5, 120, 1560),
(5285, '2022-07-21 02:20:00.000000', 2.05, 137, 1635),
(5286, '2022-07-21 02:27:00.000000', 3.6, 142, 1525),
(5287, '2022-07-21 02:34:00.000000', 2, 114, 1520),
(5288, '2022-07-21 02:38:00.000000', 3.1, 105, 1528),
(5289, '2022-07-21 03:32:00.000000', 3.5, 136, 1750),
(5290, '2022-07-21 03:40:00.000000', 2.5, 116, 1676),
(5291, '2022-07-21 04:25:00.000000', 1.4, 141, 1586),
(5292, '2022-07-21 04:30:00.000000', 2.4, 112, 1748),
(5293, '2022-07-21 04:41:00.000000', 2.95, 118, 1629),
(5294, '2022-07-21 05:27:00.000000', 2.5, 126, 1692),
(5295, '2022-07-21 05:34:00.000000', 2.5, 116, 1682),
(5296, '2022-07-21 05:53:00.000000', 1.4, 113, 1580),
(5297, '2022-07-21 05:57:00.000000', 3.5, 123, 1750),
(5298, '2022-07-21 06:02:00.000000', 2.5, 135, 1705),
(5299, '2022-07-21 06:03:00.000000', 2.5, 125, 1681),
(5300, '2022-07-21 06:19:00.000000', 1.7, 126, 1555),
(5301, '2022-07-21 06:40:00.000000', 3.6, 142, 1525),
(5302, '2022-07-21 07:50:00.000000', 1.4, 107, 1581),
(5303, '2022-07-21 08:23:00.000000', 1.4, 146, 1569),
(5304, '2022-07-21 08:27:00.000000', 2.5, 110, 1673),
(5305, '2022-07-21 08:28:00.000000', 2.5, 101, 1704),
(5306, '2022-07-21 08:47:00.000000', 2.5, 101, 1704),
(5307, '2022-07-21 08:55:00.000000', 2, 130, 1582),
(5308, '2022-07-21 09:26:00.000000', 1, 103, 1585),
(5309, '2022-07-21 09:31:00.000000', 1.2, 141, 1562),
(5310, '2022-07-21 09:41:00.000000', 1.4, 146, 1586),
(5311, '2022-07-21 09:49:00.000000', 3.6, 131, 1525),
(5312, '2022-07-21 09:57:00.000000', 2.5, 129, 1708),
(5313, '2022-07-21 10:56:00.000000', 2.2, 119, 1522),
(5314, '2022-07-21 11:07:00.000000', 2, 124, 1520),
(5315, '2022-07-21 11:47:00.000000', 3.25, 140, 1715),
(5316, '2022-07-21 12:00:00.000000', 2.5, 130, 1709),
(5317, '2022-07-21 12:15:00.000000', 0.9, 136, 1559),
(5318, '2022-07-21 12:16:00.000000', 1.8, 131, 1557),
(5319, '2022-07-21 12:33:00.000000', 4.15, 115, 1724),
(5320, '2022-07-21 12:49:00.000000', 2, 131, 1520),
(5321, '2022-07-21 13:43:00.000000', 3.15, 147, 1658),
(5322, '2022-07-21 14:15:00.000000', 2.4, 122, 1748),
(5323, '2022-07-21 14:20:00.000000', 3.85, 102, 1712),
(5324, '2022-07-21 14:28:00.000000', 4.2, 138, 1719),
(5325, '2022-07-21 14:39:00.000000', 3.25, 137, 1715),
(5326, '2022-07-21 14:52:00.000000', 1.7, 126, 1555),
(5327, '2022-07-21 14:56:00.000000', 3.4, 113, 1627),
(5328, '2022-07-21 15:18:00.000000', 2.5, 125, 1701),
(5329, '2022-07-21 15:32:00.000000', 2.5, 139, 1754),
(5330, '2022-07-21 15:33:00.000000', 2.95, 137, 1628),
(5331, '2022-07-21 15:47:00.000000', 1.2, 135, 1564),
(5332, '2022-07-21 16:00:00.000000', 1.8, 135, 1574),
(5333, '2022-07-21 16:24:00.000000', 2.95, 109, 1629),
(5334, '2022-07-21 16:31:00.000000', 1, 130, 1584),
(5335, '2022-07-21 17:20:00.000000', 3.5, 112, 1749),
(5336, '2022-07-21 17:59:00.000000', 3.5, 147, 1750),
(5337, '2022-07-21 18:05:00.000000', 1.6, 107, 1571),
(5338, '2022-07-21 18:23:00.000000', 2.95, 109, 1628),
(5339, '2022-07-21 18:25:00.000000', 4.15, 115, 1724),
(5340, '2022-07-21 18:40:00.000000', 2.1, 118, 1655),
(5341, '2022-07-21 18:56:00.000000', 1.9, 134, 1751),
(5342, '2022-07-21 19:09:00.000000', 2.5, 101, 1707),
(5343, '2022-07-21 19:12:00.000000', 0.5, 116, 1561),
(5344, '2022-07-21 19:25:00.000000', 2.5, 116, 1675),
(5345, '2022-07-21 19:32:00.000000', 3.25, 128, 1716),
(5346, '2022-07-21 19:57:00.000000', 2.5, 139, 1700),
(5347, '2022-07-21 20:02:00.000000', 2.05, 132, 1634),
(5348, '2022-07-21 20:12:00.000000', 2.5, 141, 1674),
(5349, '2022-07-21 20:40:00.000000', 2.5, 103, 1699),
(5350, '2022-07-21 20:41:00.000000', 3.6, 102, 1525),
(5351, '2022-07-21 21:05:00.000000', 2.5, 120, 1685),
(5352, '2022-07-21 21:16:00.000000', 1.5, 144, 1578),
(5353, '2022-07-21 21:27:00.000000', 3.85, 128, 1711),
(5354, '2022-07-21 21:28:00.000000', 2.5, 129, 1679),
(5355, '2022-07-21 21:30:00.000000', 4.2, 111, 1719),
(5356, '2022-07-21 21:35:00.000000', 2.2, 127, 1523),
(5357, '2022-07-21 21:41:00.000000', 4.15, 138, 1724),
(5358, '2022-07-21 22:24:00.000000', 2.95, 109, 1629),
(5359, '2022-07-21 22:35:00.000000', 2.5, 110, 1754),
(5360, '2022-07-21 22:57:00.000000', 3.25, 140, 1716),
(5361, '2022-07-21 23:40:00.000000', 14.7, 121, 1625),
(5362, '2022-07-22 00:00:00.000000', 1.7, 120, 1555),
(5363, '2022-07-22 01:37:00.000000', 1.4, 141, 1587),
(5364, '2022-07-22 01:47:00.000000', 1.8, 130, 1557),
(5365, '2022-07-22 02:02:00.000000', 2.5, 127, 1676),
(5366, '2022-07-22 03:16:00.000000', 3.6, 124, 1525),
(5367, '2022-07-22 03:42:00.000000', 1.35, 115, 1652),
(5368, '2022-07-22 03:44:00.000000', 3.25, 102, 1713),
(5369, '2022-07-22 03:56:00.000000', 1.9, 122, 1752),
(5370, '2022-07-22 04:58:00.000000', 0.9, 146, 1558),
(5371, '2022-07-22 04:59:00.000000', 2.5, 123, 1684),
(5372, '2022-07-22 05:16:00.000000', 14.7, 102, 1625),
(5373, '2022-07-22 05:28:00.000000', 2.5, 150, 1700),
(5374, '2022-07-22 06:05:00.000000', 3.1, 117, 1528),
(5375, '2022-07-22 07:01:00.000000', 2.3, 112, 1745),
(5376, '2022-07-22 07:39:00.000000', 1.85, 144, 1632),
(5377, '2022-07-22 08:15:00.000000', 2.95, 125, 1628),
(5378, '2022-07-22 08:32:00.000000', 1.9, 112, 1752),
(5379, '2022-07-22 08:49:00.000000', 2.5, 113, 1708),
(5380, '2022-07-22 08:51:00.000000', 2, 120, 1582),
(5381, '2022-07-22 09:09:00.000000', 2.5, 107, 1686),
(5382, '2022-07-22 09:25:00.000000', 4.2, 140, 1719),
(5383, '2022-07-22 09:28:00.000000', 3.85, 115, 1711),
(5384, '2022-07-22 09:44:00.000000', 1.9, 112, 1752),
(5385, '2022-07-22 10:06:00.000000', 3.85, 115, 1712),
(5386, '2022-07-22 10:33:00.000000', 2.5, 125, 1691),
(5387, '2022-07-22 11:01:00.000000', 2.5, 101, 1676),
(5388, '2022-07-22 11:27:00.000000', 2.05, 132, 1635),
(5389, '2022-07-22 11:34:00.000000', 1.4, 146, 1569),
(5390, '2022-07-22 12:10:00.000000', 3.6, 135, 1525),
(5391, '2022-07-22 12:16:00.000000', 2.5, 101, 1683),
(5392, '2022-07-22 12:52:00.000000', 2.1, 123, 1566),
(5393, '2022-07-22 12:59:00.000000', 3.25, 109, 1715),
(5394, '2022-07-22 13:15:00.000000', 4.2, 117, 1720),
(5395, '2022-07-22 13:23:00.000000', 3.55, 115, 1717),
(5396, '2022-07-22 13:49:00.000000', 2.5, 126, 1696),
(5397, '2022-07-22 14:06:00.000000', 2.3, 134, 1746),
(5398, '2022-07-22 14:21:00.000000', 3.85, 102, 1711),
(5399, '2022-07-22 14:27:00.000000', 3, 135, 1551),
(5400, '2022-07-22 15:04:00.000000', 2.5, 139, 1680),
(5401, '2022-07-22 15:55:00.000000', 2.5, 125, 1706),
(5402, '2022-07-22 15:56:00.000000', 2.5, 146, 1679),
(5403, '2022-07-22 17:13:00.000000', 2.5, 146, 1695),
(5404, '2022-07-22 17:38:00.000000', 14.7, 135, 1625),
(5405, '2022-07-22 17:55:00.000000', 4.15, 140, 1724),
(5406, '2022-07-22 18:31:00.000000', 3.6, 142, 1525),
(5407, '2022-07-22 19:01:00.000000', 2.05, 124, 1663),
(5408, '2022-07-22 19:05:00.000000', 2.5, 127, 1679),
(5409, '2022-07-22 19:08:00.000000', 2.5, 101, 1676),
(5410, '2022-07-22 19:50:00.000000', 2.5, 139, 1710),
(5411, '2022-07-22 20:33:00.000000', 2.5, 104, 1689),
(5412, '2022-07-22 20:46:00.000000', 2.5, 116, 1702),
(5413, '2022-07-22 21:22:00.000000', 2.8, 134, 1526),
(5414, '2022-07-22 21:34:00.000000', 2.5, 101, 1701),
(5415, '2022-07-22 22:35:00.000000', 1.7, 109, 1555),
(5416, '2022-07-22 22:52:00.000000', 2.5, 103, 1678),
(5417, '2022-07-22 23:01:00.000000', 3.85, 102, 1712),
(5418, '2022-07-22 23:02:00.000000', 2.5, 135, 1753),
(5419, '2022-07-22 23:31:00.000000', 3.6, 131, 1524),
(5420, '2022-07-23 00:33:00.000000', 3.55, 138, 1717),
(5421, '2022-07-23 00:41:00.000000', 1.2, 139, 1552),
(5422, '2022-07-23 00:56:00.000000', 2.5, 101, 1693),
(5423, '2022-07-23 01:01:00.000000', 1.9, 109, 1630),
(5424, '2022-07-23 01:06:00.000000', 3.4, 126, 1627),
(5425, '2022-07-23 01:06:00.000000', 3.4, 117, 1627),
(5426, '2022-07-23 01:12:00.000000', 2.5, 140, 1693),
(5427, '2022-07-23 02:10:00.000000', 1.6, 114, 1571),
(5428, '2022-07-23 02:15:00.000000', 3.1, 123, 1528),
(5429, '2022-07-23 02:19:00.000000', 4.2, 107, 1719),
(5430, '2022-07-23 02:23:00.000000', 1.8, 138, 1575),
(5431, '2022-07-23 02:53:00.000000', 1.7, 135, 1555),
(5432, '2022-07-23 02:55:00.000000', 2, 120, 1583),
(5433, '2022-07-23 03:14:00.000000', 2.5, 125, 1709),
(5434, '2022-07-23 03:14:00.000000', 3.55, 127, 1717),
(5435, '2022-07-23 03:15:00.000000', 0.9, 131, 1558),
(5436, '2022-07-23 03:35:00.000000', 4.2, 109, 1720),
(5437, '2022-07-23 03:51:00.000000', 3.5, 118, 1750),
(5438, '2022-07-23 04:06:00.000000', 2.05, 115, 1635),
(5439, '2022-07-23 04:38:00.000000', 2.7, 118, 1661),
(5440, '2022-07-23 04:45:00.000000', 2.6, 118, 1656),
(5441, '2022-07-23 04:59:00.000000', 2.5, 139, 1694),
(5442, '2022-07-23 05:17:00.000000', 2.95, 109, 1629),
(5443, '2022-07-23 06:11:00.000000', 1.9, 122, 1752),
(5444, '2022-07-23 06:53:00.000000', 2.5, 114, 1698),
(5445, '2022-07-23 06:54:00.000000', 3.6, 111, 1525),
(5446, '2022-07-23 06:59:00.000000', 2.5, 119, 1754),
(5447, '2022-07-23 08:12:00.000000', 2.8, 138, 1527),
(5448, '2022-07-23 08:51:00.000000', 2.8, 105, 1527),
(5449, '2022-07-23 08:59:00.000000', 3.35, 104, 1722),
(5450, '2022-07-23 09:29:00.000000', 2.05, 109, 1635),
(5451, '2022-07-23 09:41:00.000000', 3.6, 131, 1525),
(5452, '2022-07-23 10:05:00.000000', 2.5, 101, 1677),
(5453, '2022-07-23 10:15:00.000000', 4.2, 117, 1720),
(5454, '2022-07-23 10:15:00.000000', 2.4, 112, 1748),
(5455, '2022-07-23 10:19:00.000000', 2.5, 103, 1693),
(5456, '2022-07-23 10:49:00.000000', 4.15, 120, 1723),
(5457, '2022-07-23 10:55:00.000000', 2, 130, 1582),
(5458, '2022-07-23 10:57:00.000000', 1.85, 109, 1632),
(5459, '2022-07-23 11:08:00.000000', 2.5, 129, 1695),
(5460, '2022-07-23 11:20:00.000000', 3.1, 140, 1528),
(5461, '2022-07-23 12:02:00.000000', 1.4, 146, 1573),
(5462, '2022-07-23 12:09:00.000000', 1.2, 102, 1564),
(5463, '2022-07-23 12:14:00.000000', 2.5, 101, 1690),
(5464, '2022-07-23 13:15:00.000000', 1.4, 136, 1568),
(5465, '2022-07-23 13:45:00.000000', 4.2, 134, 1720),
(5466, '2022-07-23 14:15:00.000000', 0.9, 136, 1558),
(5467, '2022-07-23 14:32:00.000000', 1.8, 126, 1575),
(5468, '2022-07-23 14:41:00.000000', 2.2, 124, 1523),
(5469, '2022-07-23 15:08:00.000000', 2, 107, 1583),
(5470, '2022-07-23 15:12:00.000000', 3.25, 135, 1714),
(5471, '2022-07-23 15:45:00.000000', 1.2, 141, 1552),
(5472, '2022-07-23 16:04:00.000000', 3.4, 116, 1626),
(5473, '2022-07-23 16:47:00.000000', 2.5, 107, 1676),
(5474, '2022-07-23 16:58:00.000000', 1.85, 132, 1632),
(5475, '2022-07-23 17:57:00.000000', 14.7, 121, 1624),
(5476, '2022-07-23 18:09:00.000000', 2.5, 110, 1754),
(5477, '2022-07-23 19:01:00.000000', 3.35, 104, 1722),
(5478, '2022-07-23 19:08:00.000000', 3, 103, 1551),
(5479, '2022-07-23 19:20:00.000000', 3.5, 118, 1750),
(5480, '2022-07-23 19:57:00.000000', 2.5, 110, 1694),
(5481, '2022-07-23 20:06:00.000000', 2.1, 144, 1567),
(5482, '2022-07-23 20:09:00.000000', 1.8, 108, 1574),
(5483, '2022-07-23 20:27:00.000000', 3.85, 102, 1712),
(5484, '2022-07-23 20:55:00.000000', 2, 105, 1521),
(5485, '2022-07-23 21:01:00.000000', 2.1, 112, 1654),
(5486, '2022-07-23 21:17:00.000000', 3.35, 108, 1722),
(5487, '2022-07-23 21:27:00.000000', 1.8, 131, 1557),
(5488, '2022-07-23 21:59:00.000000', 1.2, 102, 1564),
(5489, '2022-07-23 22:05:00.000000', 3.6, 131, 1524),
(5490, '2022-07-23 22:06:00.000000', 1.4, 145, 1577),
(5491, '2022-07-23 22:09:00.000000', 3.4, 147, 1627),
(5492, '2022-07-23 22:16:00.000000', 2.5, 129, 1674),
(5493, '2022-07-23 22:23:00.000000', 2.05, 132, 1634),
(5494, '2022-07-23 22:39:00.000000', 3.85, 117, 1711),
(5495, '2022-07-23 23:59:00.000000', 2.5, 134, 1686),
(5496, '2022-07-24 00:31:00.000000', 0.9, 136, 1558),
(5497, '2022-07-24 00:38:00.000000', 1.8, 131, 1557),
(5498, '2022-07-24 00:57:00.000000', 3.25, 104, 1714),
(5499, '2022-07-24 01:38:00.000000', 3.1, 127, 1529),
(5500, '2022-07-24 01:39:00.000000', 1.85, 132, 1632),
(5501, '2022-07-24 02:01:00.000000', 3.6, 119, 1525),
(5502, '2022-07-24 02:35:00.000000', 2.5, 150, 1700),
(5503, '2022-07-24 02:37:00.000000', 2, 124, 1521),
(5504, '2022-07-24 03:07:00.000000', 1.2, 135, 1564),
(5505, '2022-07-24 04:06:00.000000', 1.85, 147, 1632),
(5506, '2022-07-24 04:30:00.000000', 1.9, 145, 1630),
(5507, '2022-07-24 05:07:00.000000', 2.5, 125, 1677),
(5508, '2022-07-24 05:17:00.000000', 2.5, 113, 1708),
(5509, '2022-07-24 05:27:00.000000', 1.5, 145, 1578),
(5510, '2022-07-24 05:43:00.000000', 1.7, 120, 1554),
(5511, '2022-07-24 05:45:00.000000', 2.4, 129, 1747),
(5512, '2022-07-24 05:50:00.000000', 3.4, 106, 1627),
(5513, '2022-07-24 05:57:00.000000', 2.5, 101, 1676),
(5514, '2022-07-24 06:03:00.000000', 14.7, 121, 1624),
(5515, '2022-07-24 06:13:00.000000', 4.2, 111, 1719),
(5516, '2022-07-24 06:18:00.000000', 2.05, 137, 1634),
(5517, '2022-07-24 06:40:00.000000', 2, 124, 1520),
(5518, '2022-07-24 06:44:00.000000', 2.95, 105, 1628),
(5519, '2022-07-24 06:51:00.000000', 0.9, 139, 1559),
(5520, '2022-07-24 07:51:00.000000', 1.4, 132, 1586),
(5521, '2022-07-24 08:13:00.000000', 2.4, 112, 1748),
(5522, '2022-07-24 08:41:00.000000', 3.25, 143, 1716),
(5523, '2022-07-24 09:05:00.000000', 2.5, 137, 1674),
(5524, '2022-07-24 09:09:00.000000', 2.5, 144, 1698),
(5525, '2022-07-24 09:51:00.000000', 2, 127, 1521),
(5526, '2022-07-24 09:59:00.000000', 2.4, 123, 1748),
(5527, '2022-07-24 10:08:00.000000', 2.8, 119, 1526),
(5528, '2022-07-24 10:18:00.000000', 1.5, 126, 1579),
(5529, '2022-07-24 10:19:00.000000', 1.9, 105, 1752),
(5530, '2022-07-24 10:24:00.000000', 4.2, 140, 1719),
(5531, '2022-07-24 10:25:00.000000', 2.95, 137, 1628),
(5532, '2022-07-24 11:03:00.000000', 3.25, 135, 1714),
(5533, '2022-07-24 11:58:00.000000', 1.4, 130, 1586),
(5534, '2022-07-24 12:03:00.000000', 2.1, 120, 1567),
(5535, '2022-07-24 12:55:00.000000', 2.5, 103, 1678),
(5536, '2022-07-24 13:34:00.000000', 2.5, 110, 1754),
(5537, '2022-07-24 14:02:00.000000', 3.25, 140, 1713),
(5538, '2022-07-24 14:16:00.000000', 1.8, 111, 1556),
(5539, '2022-07-24 14:16:00.000000', 2.8, 134, 1527),
(5540, '2022-07-24 14:19:00.000000', 3.25, 138, 1713),
(5541, '2022-07-24 14:20:00.000000', 2, 122, 1520),
(5542, '2022-07-24 14:20:00.000000', 1.2, 136, 1565),
(5543, '2022-07-24 14:28:00.000000', 2, 144, 1583),
(5544, '2022-07-24 14:36:00.000000', 2.5, 116, 1670),
(5545, '2022-07-24 14:50:00.000000', 2.8, 119, 1526),
(5546, '2022-07-24 14:56:00.000000', 2.5, 111, 1683),
(5547, '2022-07-24 15:00:00.000000', 2.5, 129, 1672),
(5548, '2022-07-24 15:07:00.000000', 2.5, 105, 1676),
(5549, '2022-07-24 15:11:00.000000', 1.2, 136, 1553),
(5550, '2022-07-24 15:20:00.000000', 3.25, 128, 1714),
(5551, '2022-07-24 15:42:00.000000', 2.3, 112, 1745),
(5552, '2022-07-24 15:45:00.000000', 1.6, 130, 1571),
(5553, '2022-07-24 15:46:00.000000', 3.4, 102, 1626),
(5554, '2022-07-24 15:48:00.000000', 2.5, 113, 1708),
(5555, '2022-07-24 15:57:00.000000', 2.4, 123, 1748),
(5556, '2022-07-24 16:16:00.000000', 2.4, 112, 1747),
(5557, '2022-07-24 17:04:00.000000', 1.2, 136, 1553),
(5558, '2022-07-24 17:07:00.000000', 3, 140, 1550),
(5559, '2022-07-24 17:14:00.000000', 2.05, 147, 1634),
(5560, '2022-07-24 17:31:00.000000', 1.9, 106, 1630),
(5561, '2022-07-24 17:35:00.000000', 0.9, 120, 1559),
(5562, '2022-07-24 17:47:00.000000', 3.4, 129, 1627),
(5563, '2022-07-24 18:02:00.000000', 2.95, 113, 1629),
(5564, '2022-07-24 18:56:00.000000', 2.5, 115, 1698),
(5565, '2022-07-24 19:06:00.000000', 1.6, 136, 1570),
(5566, '2022-07-24 19:39:00.000000', 2.5, 102, 1703),
(5567, '2022-07-24 19:53:00.000000', 2.2, 124, 1522),
(5568, '2022-07-24 19:53:00.000000', 3.85, 140, 1711),
(5569, '2022-07-24 19:54:00.000000', 2.5, 101, 1676),
(5570, '2022-07-24 19:56:00.000000', 1.4, 122, 1568),
(5571, '2022-07-24 20:17:00.000000', 2.5, 129, 1670),
(5572, '2022-07-24 21:00:00.000000', 2, 120, 1582),
(5573, '2022-07-24 21:08:00.000000', 1.4, 101, 1581),
(5574, '2022-07-24 21:18:00.000000', 3.55, 104, 1718),
(5575, '2022-07-24 21:38:00.000000', 2.5, 125, 1692),
(5576, '2022-07-24 22:08:00.000000', 14.7, 109, 1625),
(5577, '2022-07-24 22:17:00.000000', 2.5, 139, 1692),
(5578, '2022-07-24 22:36:00.000000', 2, 130, 1582),
(5579, '2022-07-24 22:43:00.000000', 2.5, 116, 1690),
(5580, '2022-07-24 22:44:00.000000', 2.3, 134, 1745),
(5581, '2022-07-24 23:07:00.000000', 1.35, 115, 1652),
(5582, '2022-07-24 23:28:00.000000', 1.6, 122, 1571),
(5583, '2022-07-24 23:38:00.000000', 0.5, 145, 1561),
(5584, '2022-07-24 23:44:00.000000', 2.2, 131, 1522),
(5585, '2022-07-24 23:50:00.000000', 1.9, 109, 1630),
(5586, '2022-07-25 00:10:00.000000', 1.4, 146, 1573),
(5587, '2022-07-25 00:13:00.000000', 1.4, 126, 1568),
(5588, '2022-07-25 00:26:00.000000', 2.5, 125, 1692),
(5589, '2022-07-25 00:33:00.000000', 2.5, 103, 1704),
(5590, '2022-07-25 00:36:00.000000', 2.2, 124, 1522),
(5591, '2022-07-25 00:39:00.000000', 1.8, 135, 1557),
(5592, '2022-07-25 00:48:00.000000', 2.5, 133, 1695),
(5593, '2022-07-25 01:30:00.000000', 2.2, 142, 1522),
(5594, '2022-07-25 02:23:00.000000', 3.5, 122, 1750),
(5595, '2022-07-25 02:24:00.000000', 2.5, 101, 1674),
(5596, '2022-07-25 02:33:00.000000', 2.5, 103, 1697),
(5597, '2022-07-25 02:41:00.000000', 2.6, 118, 1656),
(5598, '2022-07-25 02:49:00.000000', 2.2, 124, 1522),
(5599, '2022-07-25 02:53:00.000000', 1.7, 120, 1554),
(5600, '2022-07-25 02:55:00.000000', 1, 134, 1585),
(5601, '2022-07-25 03:07:00.000000', 1.9, 122, 1751),
(5602, '2022-07-25 03:59:00.000000', 2.5, 110, 1754),
(5603, '2022-07-25 04:00:00.000000', 3.6, 124, 1524),
(5604, '2022-07-25 04:02:00.000000', 3.35, 102, 1722),
(5605, '2022-07-25 04:05:00.000000', 1.5, 111, 1578),
(5606, '2022-07-25 04:37:00.000000', 0.9, 139, 1559),
(5607, '2022-07-25 04:48:00.000000', 2.5, 125, 1682),
(5608, '2022-07-25 04:51:00.000000', 4.15, 102, 1723),
(5609, '2022-07-25 04:56:00.000000', 3.5, 112, 1749),
(5610, '2022-07-25 05:02:00.000000', 2.95, 147, 1629),
(5611, '2022-07-25 05:44:00.000000', 3.5, 110, 1750),
(5612, '2022-07-25 06:05:00.000000', 1.2, 139, 1552),
(5613, '2022-07-25 06:06:00.000000', 2.5, 129, 1708),
(5614, '2022-07-25 06:24:00.000000', 2.2, 136, 1523),
(5615, '2022-07-25 06:27:00.000000', 2, 130, 1520),
(5616, '2022-07-25 06:29:00.000000', 2.4, 134, 1747),
(5617, '2022-07-25 06:33:00.000000', 3.85, 102, 1712),
(5618, '2022-07-25 06:51:00.000000', 2.5, 129, 1674),
(5619, '2022-07-25 07:09:00.000000', 2.4, 134, 1747),
(5620, '2022-07-25 07:16:00.000000', 1.9, 120, 1752),
(5621, '2022-07-25 07:20:00.000000', 2, 120, 1582),
(5622, '2022-07-25 07:25:00.000000', 1.4, 107, 1569),
(5623, '2022-07-25 08:25:00.000000', 2.5, 133, 1687),
(5624, '2022-07-25 08:55:00.000000', 0.9, 126, 1558),
(5625, '2022-07-25 09:00:00.000000', 2.5, 102, 1687),
(5626, '2022-07-25 09:12:00.000000', 2.8, 126, 1527),
(5627, '2022-07-25 09:59:00.000000', 3.6, 102, 1525),
(5628, '2022-07-25 10:24:00.000000', 2.3, 129, 1746),
(5629, '2022-07-25 10:43:00.000000', 3.5, 123, 1750),
(5630, '2022-07-25 10:44:00.000000', 2.5, 125, 1690),
(5631, '2022-07-25 11:12:00.000000', 3.25, 128, 1714),
(5632, '2022-07-25 11:20:00.000000', 3.15, 147, 1658),
(5633, '2022-07-25 11:28:00.000000', 2.5, 139, 1704),
(5634, '2022-07-25 11:33:00.000000', 3.6, 119, 1525),
(5635, '2022-07-25 12:04:00.000000', 3.1, 131, 1528),
(5636, '2022-07-25 12:19:00.000000', 14.7, 148, 1625),
(5637, '2022-07-25 12:21:00.000000', 2.7, 118, 1660),
(5638, '2022-07-25 12:21:00.000000', 2.5, 110, 1754),
(5639, '2022-07-25 12:24:00.000000', 0.5, 145, 1561),
(5640, '2022-07-25 12:30:00.000000', 2.2, 127, 1523),
(5641, '2022-07-25 12:42:00.000000', 14.7, 149, 1625),
(5642, '2022-07-25 12:43:00.000000', 2.1, 123, 1566),
(5643, '2022-07-25 12:45:00.000000', 2.5, 126, 1696),
(5644, '2022-07-25 13:11:00.000000', 2.5, 111, 1701),
(5645, '2022-07-25 13:21:00.000000', 3.6, 124, 1524),
(5646, '2022-07-25 14:08:00.000000', 4.2, 128, 1720),
(5647, '2022-07-25 14:14:00.000000', 2, 127, 1521),
(5648, '2022-07-25 14:25:00.000000', 3.1, 142, 1529),
(5649, '2022-07-25 14:36:00.000000', 2.3, 112, 1746),
(5650, '2022-07-25 14:57:00.000000', 1.5, 141, 1579),
(5651, '2022-07-25 15:21:00.000000', 2.5, 108, 1673),
(5652, '2022-07-25 16:53:00.000000', 2.5, 119, 1705),
(5653, '2022-07-25 17:15:00.000000', 3.25, 135, 1714),
(5654, '2022-07-25 17:33:00.000000', 3.25, 143, 1716),
(5655, '2022-07-25 17:33:00.000000', 2.5, 127, 1679),
(5656, '2022-07-25 19:00:00.000000', 0.5, 126, 1560),
(5657, '2022-07-25 19:15:00.000000', 2.5, 101, 1707),
(5658, '2022-07-25 19:40:00.000000', 3.85, 102, 1712),
(5659, '2022-07-25 19:51:00.000000', 3.4, 116, 1626),
(5660, '2022-07-25 20:18:00.000000', 2.5, 114, 1701),
(5661, '2022-07-25 21:27:00.000000', 1, 141, 1585),
(5662, '2022-07-25 21:57:00.000000', 2.6, 116, 1656),
(5663, '2022-07-25 22:01:00.000000', 2.95, 137, 1628),
(5664, '2022-07-25 22:11:00.000000', 2.5, 119, 1705),
(5665, '2022-07-25 22:21:00.000000', 2.5, 107, 1704),
(5666, '2022-07-25 22:37:00.000000', 1.6, 102, 1570),
(5667, '2022-07-25 22:58:00.000000', 4.15, 101, 1723),
(5668, '2022-07-25 23:00:00.000000', 1.35, 108, 1652),
(5669, '2022-07-25 23:07:00.000000', 2.5, 129, 1701),
(5670, '2022-07-25 23:37:00.000000', 3.6, 119, 1524),
(5671, '2022-07-25 23:38:00.000000', 2.5, 137, 1687),
(5672, '2022-07-26 00:24:00.000000', 2.5, 139, 1754),
(5673, '2022-07-26 00:33:00.000000', 1.6, 140, 1570),
(5674, '2022-07-26 00:49:00.000000', 2.3, 110, 1746),
(5675, '2022-07-26 00:50:00.000000', 3.25, 138, 1713),
(5676, '2022-07-26 00:52:00.000000', 2.5, 139, 1706),
(5677, '2022-07-26 01:06:00.000000', 2, 105, 1520),
(5678, '2022-07-26 01:21:00.000000', 2.4, 112, 1747),
(5679, '2022-07-26 01:25:00.000000', 2, 116, 1520),
(5680, '2022-07-26 01:28:00.000000', 2.5, 101, 1707),
(5681, '2022-07-26 01:43:00.000000', 3.6, 142, 1524),
(5682, '2022-07-26 02:20:00.000000', 2.5, 107, 1685),
(5683, '2022-07-26 03:29:00.000000', 2.5, 129, 1695),
(5684, '2022-07-26 03:29:00.000000', 2.05, 115, 1662),
(5685, '2022-07-26 03:48:00.000000', 1.5, 111, 1578),
(5686, '2022-07-26 03:58:00.000000', 2.05, 120, 1634),
(5687, '2022-07-26 04:10:00.000000', 2.5, 117, 1689),
(5688, '2022-07-26 04:20:00.000000', 14.7, 109, 1625),
(5689, '2022-07-26 05:07:00.000000', 3.6, 107, 1525),
(5690, '2022-07-26 05:18:00.000000', 3.25, 128, 1714),
(5691, '2022-07-26 05:59:00.000000', 2.5, 116, 1676),
(5692, '2022-07-26 06:29:00.000000', 1.2, 136, 1565),
(5693, '2022-07-26 07:05:00.000000', 2.1, 144, 1567),
(5694, '2022-07-26 07:11:00.000000', 2.2, 127, 1523),
(5695, '2022-07-26 07:30:00.000000', 2.5, 114, 1673),
(5696, '2022-07-26 07:36:00.000000', 2.5, 142, 1754),
(5697, '2022-07-26 07:58:00.000000', 2.5, 113, 1702),
(5698, '2022-07-26 08:08:00.000000', 2.3, 122, 1745),
(5699, '2022-07-26 08:39:00.000000', 3.5, 112, 1749),
(5700, '2022-07-26 09:39:00.000000', 2.5, 133, 1699),
(5701, '2022-07-26 09:50:00.000000', 2.8, 119, 1526),
(5702, '2022-07-26 09:59:00.000000', 1.2, 145, 1564),
(5703, '2022-07-26 11:02:00.000000', 2.5, 124, 1689),
(5704, '2022-07-26 11:37:00.000000', 2.3, 123, 1746),
(5705, '2022-07-26 11:56:00.000000', 1.4, 138, 1586),
(5706, '2022-07-26 12:00:00.000000', 14.7, 149, 1624),
(5707, '2022-07-26 12:02:00.000000', 4.2, 115, 1720),
(5708, '2022-07-26 12:10:00.000000', 0.9, 140, 1559),
(5709, '2022-07-26 12:17:00.000000', 2.6, 118, 1656),
(5710, '2022-07-26 12:24:00.000000', 2.5, 129, 1672),
(5711, '2022-07-26 12:38:00.000000', 2.5, 106, 1753),
(5712, '2022-07-26 13:24:00.000000', 3.25, 138, 1714),
(5713, '2022-07-26 14:30:00.000000', 2.2, 127, 1523),
(5714, '2022-07-26 14:36:00.000000', 1.6, 111, 1571),
(5715, '2022-07-26 15:26:00.000000', 3.25, 140, 1713),
(5716, '2022-07-26 15:32:00.000000', 2.5, 116, 1701),
(5717, '2022-07-26 15:40:00.000000', 3.1, 105, 1528),
(5718, '2022-07-26 16:29:00.000000', 2.3, 122, 1745),
(5719, '2022-07-26 16:59:00.000000', 2.3, 104, 1746),
(5720, '2022-07-26 17:01:00.000000', 2, 114, 1520),
(5721, '2022-07-26 17:13:00.000000', 2.5, 116, 1682),
(5722, '2022-07-26 18:19:00.000000', 3.85, 138, 1711),
(5723, '2022-07-26 18:27:00.000000', 1.4, 120, 1569),
(5724, '2022-07-26 18:32:00.000000', 2.95, 147, 1629),
(5725, '2022-07-26 18:51:00.000000', 1.2, 135, 1564),
(5726, '2022-07-26 18:52:00.000000', 2.5, 103, 1683),
(5727, '2022-07-26 18:54:00.000000', 1.4, 138, 1586),
(5728, '2022-07-26 19:00:00.000000', 2.5, 133, 1699),
(5729, '2022-07-26 19:16:00.000000', 2.2, 119, 1523),
(5730, '2022-07-26 19:23:00.000000', 3.25, 113, 1715),
(5731, '2022-07-26 19:49:00.000000', 2, 105, 1521),
(5732, '2022-07-26 20:15:00.000000', 3.85, 128, 1711),
(5733, '2022-07-26 20:17:00.000000', 3.25, 140, 1715),
(5734, '2022-07-26 20:22:00.000000', 2.3, 134, 1746),
(5735, '2022-07-26 21:01:00.000000', 4.15, 102, 1724),
(5736, '2022-07-26 21:43:00.000000', 1.9, 106, 1630),
(5737, '2022-07-26 22:59:00.000000', 1.4, 126, 1577),
(5738, '2022-07-26 23:11:00.000000', 3.4, 137, 1626),
(5739, '2022-07-26 23:19:00.000000', 2.2, 127, 1523),
(5740, '2022-07-26 23:43:00.000000', 1.6, 102, 1570),
(5741, '2022-07-26 23:52:00.000000', 1.4, 145, 1577),
(5742, '2022-07-27 00:06:00.000000', 3.25, 108, 1714),
(5743, '2022-07-27 00:20:00.000000', 1.9, 110, 1751),
(5744, '2022-07-27 00:41:00.000000', 3.55, 127, 1717),
(5745, '2022-07-27 00:44:00.000000', 3.4, 126, 1627),
(5746, '2022-07-27 01:31:00.000000', 3.25, 128, 1714),
(5747, '2022-07-27 02:02:00.000000', 3.35, 104, 1722),
(5748, '2022-07-27 02:45:00.000000', 2.2, 105, 1522),
(5749, '2022-07-27 03:00:00.000000', 1, 138, 1585),
(5750, '2022-07-27 03:28:00.000000', 1.5, 141, 1578),
(5751, '2022-07-27 03:48:00.000000', 2.7, 118, 1660),
(5752, '2022-07-27 03:59:00.000000', 4.2, 117, 1720),
(5753, '2022-07-27 04:53:00.000000', 1.4, 145, 1577),
(5754, '2022-07-27 05:40:00.000000', 2.05, 141, 1634),
(5755, '2022-07-27 06:08:00.000000', 3.1, 124, 1528),
(5756, '2022-07-27 07:01:00.000000', 2.5, 110, 1696),
(5757, '2022-07-27 07:17:00.000000', 3.85, 102, 1712),
(5758, '2022-07-27 07:23:00.000000', 2.4, 122, 1748),
(5759, '2022-07-27 07:39:00.000000', 2.95, 109, 1629),
(5760, '2022-07-27 07:44:00.000000', 2.5, 116, 1690),
(5761, '2022-07-27 08:18:00.000000', 3, 140, 1550),
(5762, '2022-07-27 08:41:00.000000', 2.5, 101, 1677),
(5763, '2022-07-27 08:50:00.000000', 2.3, 104, 1746),
(5764, '2022-07-27 09:07:00.000000', 3.5, 112, 1749),
(5765, '2022-07-27 09:21:00.000000', 2.05, 132, 1634),
(5766, '2022-07-27 09:24:00.000000', 2.5, 138, 1684),
(5767, '2022-07-27 09:44:00.000000', 4.15, 140, 1724),
(5768, '2022-07-27 09:52:00.000000', 1.4, 138, 1580),
(5769, '2022-07-27 10:03:00.000000', 2.05, 132, 1634),
(5770, '2022-07-27 10:32:00.000000', 3.6, 119, 1525),
(5771, '2022-07-27 11:01:00.000000', 1.6, 135, 1571),
(5772, '2022-07-27 11:17:00.000000', 2.5, 107, 1706),
(5773, '2022-07-27 11:18:00.000000', 2.5, 119, 1705),
(5774, '2022-07-27 11:26:00.000000', 3.4, 147, 1627),
(5775, '2022-07-27 11:51:00.000000', 1.4, 146, 1577),
(5776, '2022-07-27 12:04:00.000000', 1.85, 144, 1632),
(5777, '2022-07-27 12:09:00.000000', 2.5, 129, 1675),
(5778, '2022-07-27 12:41:00.000000', 2.05, 132, 1635),
(5779, '2022-07-27 13:47:00.000000', 1.8, 131, 1557),
(5780, '2022-07-27 13:50:00.000000', 2.5, 113, 1702),
(5781, '2022-07-27 14:22:00.000000', 2.5, 101, 1690),
(5782, '2022-07-27 15:13:00.000000', 4.2, 130, 1719),
(5783, '2022-07-27 15:22:00.000000', 1.7, 135, 1555),
(5784, '2022-07-27 17:14:00.000000', 2.2, 146, 1522),
(5785, '2022-07-27 17:41:00.000000', 2, 130, 1520),
(5786, '2022-07-27 17:49:00.000000', 2.6, 118, 1656),
(5787, '2022-07-27 18:05:00.000000', 1, 141, 1585),
(5788, '2022-07-27 18:07:00.000000', 2.5, 116, 1676),
(5789, '2022-07-27 18:28:00.000000', 2, 144, 1583),
(5790, '2022-07-27 18:32:00.000000', 2.8, 122, 1527),
(5791, '2022-07-27 18:48:00.000000', 3.6, 127, 1524),
(5792, '2022-07-27 19:08:00.000000', 1.7, 144, 1555),
(5793, '2022-07-27 19:41:00.000000', 3.25, 137, 1715),
(5794, '2022-07-27 19:56:00.000000', 2.5, 101, 1701),
(5795, '2022-07-27 20:16:00.000000', 2.5, 114, 1701),
(5796, '2022-07-27 20:33:00.000000', 2.5, 129, 1680),
(5797, '2022-07-27 20:43:00.000000', 2.5, 109, 1684),
(5798, '2022-07-27 20:56:00.000000', 2, 142, 1520),
(5799, '2022-07-27 21:21:00.000000', 2.1, 120, 1567),
(5800, '2022-07-27 21:26:00.000000', 2.5, 103, 1686),
(5801, '2022-07-27 21:45:00.000000', 2.6, 118, 1657),
(5802, '2022-07-27 22:06:00.000000', 1.9, 134, 1751),
(5803, '2022-07-27 22:46:00.000000', 0.9, 116, 1558),
(5804, '2022-07-27 22:50:00.000000', 14.7, 149, 1624),
(5805, '2022-07-27 23:00:00.000000', 3.1, 105, 1528),
(5806, '2022-07-27 23:09:00.000000', 2.5, 114, 1698),
(5807, '2022-07-27 23:41:00.000000', 1.6, 111, 1571),
(5808, '2022-07-27 23:46:00.000000', 1.9, 106, 1630),
(5809, '2022-07-28 00:30:00.000000', 2.3, 140, 1745),
(5810, '2022-07-28 00:39:00.000000', 2.5, 125, 1690),
(5811, '2022-07-28 00:57:00.000000', 3.1, 142, 1529),
(5812, '2022-07-28 01:30:00.000000', 4.2, 110, 1720),
(5813, '2022-07-28 01:35:00.000000', 1.8, 141, 1556),
(5814, '2022-07-28 01:36:00.000000', 2.5, 111, 1701),
(5815, '2022-07-28 01:59:00.000000', 0.9, 135, 1559),
(5816, '2022-07-28 02:26:00.000000', 3.6, 105, 1525),
(5817, '2022-07-28 03:28:00.000000', 2.5, 113, 1672),
(5818, '2022-07-28 03:33:00.000000', 2.5, 138, 1707),
(5819, '2022-07-28 03:34:00.000000', 1.7, 135, 1555),
(5820, '2022-07-28 04:32:00.000000', 2.4, 110, 1747),
(5821, '2022-07-28 04:40:00.000000', 3.85, 102, 1711),
(5822, '2022-07-28 04:40:00.000000', 1.4, 141, 1586),
(5823, '2022-07-28 04:45:00.000000', 3.5, 142, 1749),
(5824, '2022-07-28 04:51:00.000000', 2.3, 116, 1746),
(5825, '2022-07-28 05:41:00.000000', 2.5, 140, 1701),
(5826, '2022-07-28 05:45:00.000000', 2.5, 101, 1691),
(5827, '2022-07-28 08:01:00.000000', 4.2, 147, 1720),
(5828, '2022-07-28 08:04:00.000000', 2.5, 119, 1754),
(5829, '2022-07-28 08:07:00.000000', 3, 126, 1550),
(5830, '2022-07-28 09:11:00.000000', 2.5, 122, 1700),
(5831, '2022-07-28 09:18:00.000000', 3.25, 140, 1716),
(5832, '2022-07-28 09:20:00.000000', 3.85, 102, 1712),
(5833, '2022-07-28 09:34:00.000000', 2.5, 112, 1698),
(5834, '2022-07-28 09:40:00.000000', 2.5, 137, 1687),
(5835, '2022-07-28 09:54:00.000000', 2.5, 114, 1701),
(5836, '2022-07-28 10:07:00.000000', 1.85, 129, 1633),
(5837, '2022-07-28 10:55:00.000000', 2.3, 112, 1745),
(5838, '2022-07-28 11:28:00.000000', 3.25, 104, 1715),
(5839, '2022-07-28 11:33:00.000000', 2.95, 109, 1629),
(5840, '2022-07-28 11:42:00.000000', 2.4, 123, 1747),
(5841, '2022-07-28 13:27:00.000000', 2.5, 139, 1692),
(5842, '2022-07-28 13:35:00.000000', 1.8, 146, 1557),
(5843, '2022-07-28 13:50:00.000000', 2.5, 120, 1685),
(5844, '2022-07-28 14:21:00.000000', 2.5, 103, 1704),
(5845, '2022-07-28 15:01:00.000000', 1.9, 122, 1751),
(5846, '2022-07-28 15:08:00.000000', 3.55, 115, 1717),
(5847, '2022-07-28 15:20:00.000000', 3.35, 104, 1721),
(5848, '2022-07-28 15:25:00.000000', 2.05, 106, 1634),
(5849, '2022-07-28 15:28:00.000000', 2.5, 133, 1701),
(5850, '2022-07-28 15:34:00.000000', 1.6, 122, 1571),
(5851, '2022-07-28 16:05:00.000000', 2.2, 136, 1523),
(5852, '2022-07-28 16:11:00.000000', 2.5, 125, 1691),
(5853, '2022-07-28 16:28:00.000000', 1.9, 142, 1631),
(5854, '2022-07-28 16:35:00.000000', 2.5, 101, 1690),
(5855, '2022-07-28 17:52:00.000000', 1.2, 137, 1562),
(5856, '2022-07-28 18:06:00.000000', 2.7, 126, 1661),
(5857, '2022-07-28 18:06:00.000000', 1.6, 140, 1570),
(5858, '2022-07-28 18:14:00.000000', 14.7, 143, 1625),
(5859, '2022-07-28 18:18:00.000000', 2.5, 139, 1701),
(5860, '2022-07-28 18:57:00.000000', 3.85, 105, 1711),
(5861, '2022-07-28 19:43:00.000000', 2.2, 118, 1522),
(5862, '2022-07-28 19:59:00.000000', 2.05, 141, 1634),
(5863, '2022-07-28 20:20:00.000000', 1.8, 111, 1557),
(5864, '2022-07-28 20:40:00.000000', 3.15, 108, 1659),
(5865, '2022-07-28 20:55:00.000000', 1.2, 124, 1563),
(5866, '2022-07-28 21:09:00.000000', 3.6, 105, 1525),
(5867, '2022-07-28 21:15:00.000000', 1.6, 111, 1570),
(5868, '2022-07-28 21:25:00.000000', 3.25, 128, 1715),
(5869, '2022-07-28 21:33:00.000000', 2.5, 119, 1754),
(5870, '2022-07-28 21:36:00.000000', 2.05, 132, 1634),
(5871, '2022-07-28 21:38:00.000000', 3.35, 102, 1721),
(5872, '2022-07-28 21:40:00.000000', 3.6, 105, 1525),
(5873, '2022-07-28 22:10:00.000000', 3.85, 144, 1712),
(5874, '2022-07-28 22:17:00.000000', 2.5, 103, 1693),
(5875, '2022-07-28 22:28:00.000000', 2.5, 147, 1673),
(5876, '2022-07-28 22:50:00.000000', 2.5, 144, 1690),
(5877, '2022-07-28 22:55:00.000000', 1.8, 135, 1574),
(5878, '2022-07-28 23:13:00.000000', 2.5, 126, 1692),
(5879, '2022-07-28 23:43:00.000000', 2.5, 139, 1701),
(5880, '2022-07-28 23:44:00.000000', 2.05, 106, 1634),
(5881, '2022-07-29 00:36:00.000000', 4.15, 102, 1723),
(5882, '2022-07-29 00:47:00.000000', 1.4, 135, 1573),
(5883, '2022-07-29 01:22:00.000000', 1.7, 120, 1555),
(5884, '2022-07-29 01:24:00.000000', 2, 142, 1520),
(5885, '2022-07-29 01:24:00.000000', 2.5, 129, 1690),
(5886, '2022-07-29 01:49:00.000000', 3.85, 102, 1712),
(5887, '2022-07-29 02:47:00.000000', 3.4, 109, 1626),
(5888, '2022-07-29 02:48:00.000000', 2.5, 144, 1690),
(5889, '2022-07-29 03:24:00.000000', 0.9, 120, 1559),
(5890, '2022-07-29 03:51:00.000000', 2.95, 138, 1629),
(5891, '2022-07-29 04:31:00.000000', 3.85, 102, 1711),
(5892, '2022-07-29 05:15:00.000000', 2.5, 101, 1694),
(5893, '2022-07-29 05:18:00.000000', 3.85, 138, 1711),
(5894, '2022-07-29 05:25:00.000000', 1.4, 135, 1586),
(5895, '2022-07-29 05:31:00.000000', 1.7, 120, 1554),
(5896, '2022-07-29 06:10:00.000000', 1.85, 137, 1633),
(5897, '2022-07-29 06:14:00.000000', 2.2, 119, 1523),
(5898, '2022-07-29 06:14:00.000000', 3.4, 132, 1626),
(5899, '2022-07-29 06:25:00.000000', 2.5, 138, 1707),
(5900, '2022-07-29 06:41:00.000000', 2.5, 101, 1687),
(5901, '2022-07-29 07:04:00.000000', 3.6, 131, 1524),
(5902, '2022-07-29 08:01:00.000000', 2.5, 111, 1689),
(5903, '2022-07-29 08:12:00.000000', 3.5, 144, 1750),
(5904, '2022-07-29 08:19:00.000000', 2.2, 135, 1523),
(5905, '2022-07-29 09:16:00.000000', 3.35, 102, 1721),
(5906, '2022-07-29 09:37:00.000000', 3, 103, 1551),
(5907, '2022-07-29 10:06:00.000000', 2.8, 114, 1526),
(5908, '2022-07-29 10:09:00.000000', 3.85, 102, 1712),
(5909, '2022-07-29 10:19:00.000000', 1.7, 141, 1555),
(5910, '2022-07-29 10:38:00.000000', 1.7, 120, 1554),
(5911, '2022-07-29 11:01:00.000000', 2.5, 114, 1678),
(5912, '2022-07-29 11:53:00.000000', 3.1, 131, 1528),
(5913, '2022-07-29 12:04:00.000000', 2.5, 137, 1704),
(5914, '2022-07-29 12:08:00.000000', 2.5, 107, 1685),
(5915, '2022-07-29 12:22:00.000000', 1.5, 111, 1578),
(5916, '2022-07-29 12:30:00.000000', 2.95, 147, 1629),
(5917, '2022-07-29 13:30:00.000000', 2.5, 114, 1690),
(5918, '2022-07-29 14:39:00.000000', 1.9, 132, 1630),
(5919, '2022-07-29 14:48:00.000000', 2.5, 145, 1687),
(5920, '2022-07-29 14:49:00.000000', 3.15, 108, 1659),
(5921, '2022-07-29 14:57:00.000000', 0.9, 116, 1558),
(5922, '2022-07-29 15:11:00.000000', 1.6, 136, 1570),
(5923, '2022-07-29 15:17:00.000000', 2.5, 103, 1698),
(5924, '2022-07-29 15:19:00.000000', 1.4, 145, 1568),
(5925, '2022-07-29 15:45:00.000000', 3.25, 128, 1714);
INSERT INTO `pass` (`id`, `timestamp`, `charge`, `tag_id`, `tollStation_id`) VALUES
(5926, '2022-07-29 15:51:00.000000', 2.95, 137, 1628),
(5927, '2022-07-29 17:16:00.000000', 2.05, 132, 1634),
(5928, '2022-07-29 17:27:00.000000', 2.05, 147, 1634),
(5929, '2022-07-29 18:05:00.000000', 1.7, 111, 1554),
(5930, '2022-07-29 18:09:00.000000', 2.5, 101, 1694),
(5931, '2022-07-29 18:24:00.000000', 4.2, 113, 1720),
(5932, '2022-07-29 18:29:00.000000', 2.5, 129, 1690),
(5933, '2022-07-29 18:40:00.000000', 1.9, 135, 1630),
(5934, '2022-07-29 18:45:00.000000', 3.1, 121, 1529),
(5935, '2022-07-29 19:22:00.000000', 2.5, 132, 1672),
(5936, '2022-07-29 19:28:00.000000', 2, 131, 1521),
(5937, '2022-07-29 20:05:00.000000', 2.5, 114, 1701),
(5938, '2022-07-29 20:24:00.000000', 3.55, 139, 1717),
(5939, '2022-07-29 20:44:00.000000', 2.5, 132, 1695),
(5940, '2022-07-29 21:05:00.000000', 3.15, 108, 1659),
(5941, '2022-07-29 21:22:00.000000', 2.05, 137, 1634),
(5942, '2022-07-29 22:01:00.000000', 2, 142, 1520),
(5943, '2022-07-29 22:23:00.000000', 2.5, 110, 1754),
(5944, '2022-07-29 22:24:00.000000', 1.7, 107, 1555),
(5945, '2022-07-29 22:38:00.000000', 0.5, 120, 1560),
(5946, '2022-07-29 22:38:00.000000', 2.8, 131, 1527),
(5947, '2022-07-29 23:59:00.000000', 3.6, 137, 1524),
(5948, '2022-07-30 00:44:00.000000', 4.2, 110, 1720),
(5949, '2022-07-30 00:58:00.000000', 2.5, 101, 1694),
(5950, '2022-07-30 01:26:00.000000', 3.35, 104, 1722),
(5951, '2022-07-30 01:49:00.000000', 2.5, 112, 1754),
(5952, '2022-07-30 01:52:00.000000', 2.5, 129, 1674),
(5953, '2022-07-30 02:04:00.000000', 2.2, 109, 1523),
(5954, '2022-07-30 02:21:00.000000', 2, 111, 1520),
(5955, '2022-07-30 02:40:00.000000', 2.6, 118, 1656),
(5956, '2022-07-30 03:01:00.000000', 2.5, 101, 1674),
(5957, '2022-07-30 03:30:00.000000', 2.5, 103, 1683),
(5958, '2022-07-30 04:16:00.000000', 1.6, 124, 1570),
(5959, '2022-07-30 05:06:00.000000', 3.5, 122, 1750),
(5960, '2022-07-30 06:05:00.000000', 2.5, 101, 1687),
(5961, '2022-07-30 06:12:00.000000', 1.6, 135, 1571),
(5962, '2022-07-30 06:20:00.000000', 2.5, 102, 1688),
(5963, '2022-07-30 06:30:00.000000', 1.9, 137, 1630),
(5964, '2022-07-30 06:49:00.000000', 1.8, 108, 1574),
(5965, '2022-07-30 07:57:00.000000', 2.5, 113, 1700),
(5966, '2022-07-30 08:38:00.000000', 1.5, 124, 1578),
(5967, '2022-07-30 08:40:00.000000', 14.7, 109, 1625),
(5968, '2022-07-30 09:35:00.000000', 2.3, 123, 1746),
(5969, '2022-07-30 09:42:00.000000', 3.6, 119, 1525),
(5970, '2022-07-30 09:49:00.000000', 2.5, 134, 1754),
(5971, '2022-07-30 10:28:00.000000', 2.5, 133, 1688),
(5972, '2022-07-30 11:21:00.000000', 1.5, 111, 1578),
(5973, '2022-07-30 11:52:00.000000', 2.5, 134, 1686),
(5974, '2022-07-30 12:39:00.000000', 2.5, 103, 1697),
(5975, '2022-07-30 13:34:00.000000', 2.2, 142, 1522),
(5976, '2022-07-30 13:48:00.000000', 1.9, 112, 1752),
(5977, '2022-07-30 13:56:00.000000', 3.6, 124, 1525),
(5978, '2022-07-30 14:01:00.000000', 14.7, 149, 1624),
(5979, '2022-07-30 14:11:00.000000', 2.2, 119, 1523),
(5980, '2022-07-30 14:47:00.000000', 2.5, 116, 1710),
(5981, '2022-07-30 14:53:00.000000', 1.8, 142, 1575),
(5982, '2022-07-30 14:57:00.000000', 1.2, 137, 1562),
(5983, '2022-07-30 14:57:00.000000', 3.1, 130, 1529),
(5984, '2022-07-30 15:39:00.000000', 3.6, 119, 1524),
(5985, '2022-07-30 15:58:00.000000', 1.4, 141, 1587),
(5986, '2022-07-30 15:59:00.000000', 1.85, 116, 1632),
(5987, '2022-07-30 16:18:00.000000', 1.85, 129, 1633),
(5988, '2022-07-30 16:36:00.000000', 2.5, 114, 1681),
(5989, '2022-07-30 17:20:00.000000', 3.4, 117, 1627),
(5990, '2022-07-30 17:33:00.000000', 1.7, 144, 1555),
(5991, '2022-07-30 18:59:00.000000', 2.1, 118, 1655),
(5992, '2022-07-30 20:20:00.000000', 2.5, 129, 1675),
(5993, '2022-07-30 20:34:00.000000', 3.25, 134, 1715),
(5994, '2022-07-30 21:13:00.000000', 2.5, 106, 1753),
(5995, '2022-07-30 21:31:00.000000', 1.7, 120, 1554),
(5996, '2022-07-30 21:31:00.000000', 1.9, 122, 1752),
(5997, '2022-07-30 21:47:00.000000', 1.85, 106, 1633),
(5998, '2022-07-30 22:13:00.000000', 2.7, 118, 1661),
(5999, '2022-07-30 22:55:00.000000', 2.5, 113, 1670),
(6000, '2022-07-30 23:06:00.000000', 2.3, 112, 1746),
(6001, '2022-07-30 23:23:00.000000', 2.05, 106, 1634),
(6002, '2022-07-30 23:29:00.000000', 2.5, 129, 1672),
(6003, '2022-07-31 00:13:00.000000', 2.5, 139, 1701),
(6004, '2022-07-31 00:50:00.000000', 2.4, 112, 1747),
(6005, '2022-07-31 01:08:00.000000', 3.5, 118, 1750),
(6006, '2022-07-31 01:23:00.000000', 3.5, 123, 1749),
(6007, '2022-07-31 01:36:00.000000', 2.05, 141, 1634),
(6008, '2022-07-31 01:51:00.000000', 2.5, 113, 1703),
(6009, '2022-07-31 02:00:00.000000', 2.05, 137, 1634),
(6010, '2022-07-31 03:04:00.000000', 3.85, 115, 1711),
(6011, '2022-07-31 03:12:00.000000', 2.4, 117, 1748);

-- --------------------------------------------------------

--
-- Δομή πίνακα για τον πίνακα `tag`
--

CREATE TABLE `tag` (
  `id` int NOT NULL,
  `tagRef` varchar(200) COLLATE utf8mb4_unicode_ci DEFAULT NULL,
  `operator_id` int DEFAULT NULL
) ENGINE=InnoDB DEFAULT CHARSET=utf8mb4 COLLATE=utf8mb4_unicode_ci;

--
-- Άδειασμα δεδομένων του πίνακα `tag`
--

INSERT INTO `tag` (`id`, `tagRef`, `operator_id`) VALUES
(101, 'NAO5ZJA8DZ', 6),
(102, 'NOXFGCAQV', 7),
(103, 'NAONSM43D8', 6),
(104, 'NOQLL8OS9', 7),
(105, 'AMNT3W5UZ', 1),
(106, 'KOWM31YIH', 4),
(107, 'NAOBMYOFQE', 6),
(108, 'MOV86WZS3', 5),
(109, 'KOWKTAKPU', 4),
(110, 'OOQ0OXFQ8', 8),
(111, 'EG7UR23GD', 2),
(112, 'OOZSJ49IT', 8),
(113, 'NAOURTP0LZ', 6),
(114, 'NAO5UQPGB7', 6),
(115, 'NO7PTX63C', 7),
(116, 'NAOP0J43D5', 6),
(117, 'NAOVZ41NAM', 6),
(118, 'MOJCKJLTE', 5),
(119, 'AMLJH75LX', 1),
(120, 'EGIGQPKI7', 2),
(121, 'GEX7EEDTJ', 3),
(122, 'OO7PZE9VI', 8),
(123, 'OO3KKV9RF', 8),
(124, 'AMH9SDBDW', 1),
(125, 'NAOHL1N13J', 6),
(126, 'EG9CHJ755', 2),
(127, 'AMV3A3ZMF', 1),
(128, 'NOX6GVWRD', 7),
(129, 'NAOLY8OZCY', 6),
(130, 'EGRHOCN9J', 2),
(131, 'AMXAJI0Y6', 1),
(132, 'KOJDP0LVS', 4),
(133, 'NAOHAFEYUH', 6),
(134, 'OO1B0Z3NX', 8),
(135, 'EGVWPVS7H', 2),
(136, 'EGYTJXEPQ', 2),
(137, 'KONCXLL4Z', 4),
(138, 'NOE1V2ISQ', 7),
(139, 'NAO09SKDGI', 6),
(140, 'NORCBPLJD', 7),
(141, 'EGUT0CVS4', 2),
(142, 'AMHJ7XVG0', 1),
(143, 'GE5A0L725', 3),
(144, 'EGC11ERTJ', 2),
(145, 'EGF1T2TAL', 2),
(146, 'EGSEIMVIH', 2),
(147, 'KOIXA11DP', 4),
(148, 'GE2IAGL58', 3),
(149, 'GEJA1WJ0T', 3),
(150, 'GEL6246HI', 3);

-- --------------------------------------------------------

--
-- Δομή πίνακα για τον πίνακα `tollstation`
--

CREATE TABLE `tollstation` (
  `id` int NOT NULL,
  `name` varchar(200) COLLATE utf8mb4_unicode_ci DEFAULT NULL,
  `locality` varchar(200) COLLATE utf8mb4_unicode_ci DEFAULT NULL,
  `road` varchar(200) COLLATE utf8mb4_unicode_ci DEFAULT NULL,
  `lat` double DEFAULT NULL,
  `long` double DEFAULT NULL,
  `price1` double DEFAULT NULL,
  `price2` double DEFAULT NULL,
  `price3` double DEFAULT NULL,
  `price4` double DEFAULT NULL,
  `tollid` varchar(50) COLLATE utf8mb4_unicode_ci DEFAULT NULL,
  `operator_id` int DEFAULT NULL
) ENGINE=InnoDB DEFAULT CHARSET=utf8mb4 COLLATE=utf8mb4_unicode_ci;

--
-- Άδειασμα δεδομένων του πίνακα `tollstation`
--

INSERT INTO `tollstation` (`id`, `name`, `locality`, `road`, `lat`, `long`, `price1`, `price2`, `price3`, `price4`, `tollid`, `operator_id`) VALUES
(1520, 'Σταθμός Διοδίων Κλειδίου Μετωπικά (Προς Αθήνα)', 'Ημαθίας-Κλειδί', 'Α/Δ Αθηνών-Θεσσαλονίκης', 40.51974, 22.57247, 1.4, 2, 5.9, 8.3, 'AM01', 1),
(1521, 'Σταθμός Διοδίων Κλειδίου Μετωπικά (Προς Θεσσαλονίκη)', 'Ημαθίας-Κλειδί', 'Α/Δ Αθηνών-Θεσσαλονίκης', 40.51943, 22.5729, 1.4, 2, 5.9, 8.3, 'AM02', 1),
(1522, 'Σταθμός Διοδίων Μακρυχωρίου Μετωπικά (Προς Αθήνα)', 'Λάρισας-Μακρυχώρι', 'Α/Δ Αθηνών-Θεσσαλονίκης', 39.80461, 22.50252, 1.6, 2.2, 6.8, 9.6, 'AM03', 1),
(1523, 'Σταθμός Διοδίων Μακρυχωρίου Μετωπικά (Προς Θεσσαλονίκη)', 'Λάρισας-Μακρυχώρι', 'Α/Δ Αθηνών-Θεσσαλονίκης', 39.80427, 22.5027, 1.6, 2.2, 6.8, 9.6, 'AM04', 1),
(1524, 'Σταθμός Διοδίων Μοσχοχωρίου Μετωπικά (Προς Αθήνα)', 'Λάρισας-Μοσχοχώρι', 'Α/Δ Αθηνών-Θεσσαλονίκης', 39.52294, 22.5567, 2.5, 3.6, 10.8, 15.1, 'AM05', 1),
(1525, 'Σταθμός Διοδίων Μοσχοχωρίου Μετωπικά (Προς Θεσσαλονίκη)', 'Λάρισας-Μοσχοχώρι', 'Α/Δ Αθηνών-Θεσσαλονίκης', 39.52292, 22.55705, 2.5, 3.6, 10.8, 15.1, 'AM06', 1),
(1526, 'Σταθμός Διοδίων Λεπτοκαρυάς Μετωπικά (Προς Αθήνα)', 'Πιερίας-Λεπτοκαρυά', 'Α/Δ Αθηνών-Θεσσαλονίκης', 40.03581, 22.56973, 2, 2.8, 8.6, 12, 'AM07', 1),
(1527, 'Σταθμός Διοδίων Λεπτοκαρυάς Μετωπικά (Προς Θεσσαλονίκη)', 'Πιερίας-Λεπτοκαρυά', 'Α/Δ Αθηνών-Θεσσαλονίκης', 40.03565, 22.56999, 2, 2.8, 8.6, 12, 'AM08', 1),
(1528, 'Σταθμός Διοδίων Πελασγίας Μετωπικά (Προς Αθήνα)', 'Φθιώτιδος-Πελασγία', 'Α/Δ Αθηνών-Θεσσαλονίκης', 38.92051, 22.84637, 2.2, 3.1, 9.4, 13.1, 'AM09', 1),
(1529, 'Σταθμός Διοδίων Πελασγίας Μετωπικά (Προς Θεσσαλονίκη)', 'Φθιώτιδος-Πελασγία', 'Α/Δ Αθηνών-Θεσσαλονίκης', 38.92015, 22.84633, 2.2, 3.1, 9.4, 13.1, 'AM10', 1),
(1530, 'Σταθμός Διοδίων Γυρτώνης Πλευρικά (Από Αθήνα)', 'Λάρισας-Γυρτώνη', 'Α/Δ Αθηνών-Θεσσαλονίκης', 39.74348, 22.47595, 0.4, 0.6, 1.9, 2.7, 'AM11', 1),
(1531, 'Σταθμός Διοδίων Γυρτώνης Πλευρικά (Προς Αθήνα)', 'Λάρισας-Γυρτώνη', 'Α/Δ Αθηνών-Θεσσαλονίκης', 39.74499, 22.47529, 0.4, 0.6, 1.9, 2.7, 'AM12', 1),
(1532, 'Σταθμός Διοδίων Ευαγγελισμού Πλευρικά (Από Θεσσαλονίκη)', 'Λάρισας-Ευαγγελισμός', 'Α/Δ Αθηνών-Θεσσαλονίκης', 39.82932, 22.51144, 0.7, 1.1, 3.2, 4.5, 'AM13', 1),
(1533, 'Σταθμός Διοδίων Ευαγγελισμού Πλευρικά (Προς Θεσσαλονίκη)', 'Λάρισας-Ευαγγελισμός', 'Α/Δ Αθηνών-Θεσσαλονίκης', 39.82932, 22.51359, 0.7, 1.1, 3.2, 4.5, 'AM14', 1),
(1534, 'Σταθμός Διοδίων Κιλελέρ Πλευρικά (Από Αθήνα)', 'Λάρισας-Κιλελέρ', 'Α/Δ Αθηνών-Θεσσαλονίκης', 39.4945, 22.62619, 1.5, 2.1, 6.4, 9, 'AM15', 1),
(1535, 'Σταθμός Διοδίων Κιλελέρ Πλευρικά (Προς Αθήνα)', 'Λάρισας-Κιλελέρ', 'Α/Δ Αθηνών-Θεσσαλονίκης', 39.49332, 22.61891, 1.5, 2.1, 6.4, 9, 'AM16', 1),
(1536, 'Σταθμός Διοδίων Μακρυχωρίου Πλευρικά (Από Αθήνα)', 'Λάρισας-Μακρυχώρι', 'Α/Δ Αθηνών-Θεσσαλονίκης', 39.7968, 22.49904, 0.7, 1, 3, 4.2, 'AM17', 1),
(1537, 'Σταθμός Διοδίων Μεγάλου Μοναστηρίου Πλευρικά (Από Αθήνα)', 'Λάρισας-Μεγάλο Μοναστήρι', 'Α/Δ Αθηνών-Θεσσαλονίκης', 39.44227, 22.68931, 1.2, 1.7, 5, 7, 'AM18', 1),
(1538, 'Σταθμός Διοδίων Μεγάλου Μοναστηρίου Πλευρικά (Προς Αθήνα)', 'Λάρισας-Μεγάλο Μοναστήρι', 'Α/Δ Αθηνών-Θεσσαλονίκης', 39.44117, 22.68652, 1.2, 1.7, 5, 7, 'AM19', 1),
(1539, 'Σταθμός Διοδίων Πυργετού Πλευρικά (Προς Αθήνα)', 'Λάρισας-Πυργετός', 'Α/Δ Αθηνών-Θεσσαλονίκης', 39.90926, 22.62438, 1, 1.5, 4.5, 6.3, 'AM20', 1),
(1540, 'Σταθμός Διοδίων Πυργετού Πλευρικά (Προς Θεσσαλονίκη)', 'Λάρισας-Πυργετός', 'Α/Δ Αθηνών-Θεσσαλονίκης', 39.90894, 22.62438, 1, 1.5, 4.5, 6.3, 'AM21', 1),
(1541, 'Σταθμός Διοδίων Βελεστίνου Πλευρικά (Από Αθήνα)', 'Μαγνησίας-Βελεστίνο', 'Α/Δ Αθηνών-Θεσσαλονίκης', 39.38855, 22.76817, 0.8, 1.1, 3.3, 4.6, 'AM22', 1),
(1542, 'Σταθμός Διοδίων Βελεστίνου Πλευρικά (Προς Αθήνα)', 'Μαγνησίας-Βελεστίνο', 'Α/Δ Αθηνών-Θεσσαλονίκης', 39.389, 22.76446, 0.8, 1.1, 3.3, 4.6, 'AM23', 1),
(1543, 'Σταθμός Διοδίων Βελεστίνου Πλευρικά (Προς Αθήνα)', 'Μαγνησίας-Βελεστίνο', 'Α/Δ Αθηνών-Θεσσαλονίκης', 39.39075, 22.76492, 0.8, 1.1, 3.3, 4.6, 'AM24', 1),
(1544, 'Σταθμός Διοδίων Λεπτοκαρυάς Πλευρικά (Από Θεσσαλονίκη)', 'Πιερίας-Λεπτοκαρυά', 'Α/Δ Αθηνών-Θεσσαλονίκης', 40.04498, 22.56406, 1.1, 1.6, 4.9, 6.8, 'AM25', 1),
(1545, 'Σταθμός Διοδίων Λεπτοκαρυάς Πλευρικά (Προς Θεσσαλονίκη)', 'Πιερίας-Λεπτοκαρυά', 'Α/Δ Αθηνών-Θεσσαλονίκης', 40.04503, 22.56537, 1.1, 1.6, 4.9, 6.8, 'AM26', 1),
(1546, 'Σταθμός Διοδίων Πλαταμώνα Πλευρικά (Από Αθήνα)', 'Πιερίας-Πλαταμώνας', 'Α/Δ Αθηνών-Θεσσαλονίκης', 39.98173, 22.62521, 0.4, 0.6, 1.8, 2.5, 'AM27', 1),
(1547, 'Σταθμός Διοδίων Πλαταμώνα Πλευρικά (Προς Αθήνα)', 'Πιερίας-Πλαταμώνας', 'Α/Δ Αθηνών-Θεσσαλονίκης', 39.98173, 22.62488, 0.4, 0.6, 1.8, 2.5, 'AM28', 1),
(1548, 'Σταθμός Διοδίων Γλύφας Πλευρικά (Από Θεσσαλονίκη)', 'Φθιώτιδος-Γλύφα', 'Α/Δ Αθηνών-Θεσσαλονίκης', 38.94941, 22.87566, 1.6, 2.3, 6.9, 9.6, 'AM29', 1),
(1549, 'Σταθμός Διοδίων Γλύφας Πλευρικά (Προς Θεσσαλονίκη)', 'Φθιώτιδος-Γλύφα', 'Α/Δ Αθηνών-Θεσσαλονίκης', 38.94799, 22.87658, 1.6, 2.3, 6.9, 9.6, 'AM30', 1),
(1550, 'Σταθμός Διοδίων Σήραγγας Ακτίου Μετωπικά (Προς Αγρίνιο)', 'Αιτωλοακαρνανίας-Άκτιο', 'Ακτίου-Πρέβεζας', 38.94008, 20.76598, 0.7, 3, 7.5, 10.5, 'EG01', 2),
(1551, 'Σταθμός Διοδίων Σήραγγας Ακτίου Μετωπικά (Προς Πρέβεζα)', 'Αιτωλοακαρνανίας-Άκτιο', 'Ακτίου-Πρέβεζας', 38.94, 20.76634, 0.7, 3, 7.5, 10.5, 'EG02', 2),
(1552, 'Σταθμός Διοδίων Αρδανίου Μετωπικά (Προς Ηγουμενίτσα)', 'Έβρου-Αρδάνι', 'Εγνατία Οδός', 40.94466, 26.20525, 0.8, 1.2, 3, 4.2, 'EG03', 2),
(1553, 'Σταθμός Διοδίων Αρδανίου Μετωπικά (Προς Κήπους)', 'Έβρου-Αρδάνι', 'Εγνατία Οδός', 40.94448, 26.20509, 0.8, 1.2, 3, 4.2, 'EG04', 2),
(1554, 'Σταθμός Διοδίων Μεστής Μετωπικά (Προς Αλεξ/πολη)', 'Έβρου-Μεστή', 'Εγνατία Οδός', 41.01349, 25.53327, 1.2, 1.7, 4.3, 6, 'EG05', 2),
(1555, 'Σταθμός Διοδίων Μεστής Μετωπικά (Προς Ηγουμενίτσα)', 'Έβρου-Μεστή', 'Εγνατία Οδός', 41.01347, 25.53349, 1.2, 1.7, 4.3, 6, 'EG06', 2),
(1556, 'Σταθμός Διοδίων Ανάληψης Μετωπικά (Προς Αλεξ/πολη)', 'Θεσσαλονίκης-Ανάληψη', 'Εγνατία Οδός', 40.70685, 23.19131, 1.3, 1.8, 4.5, 6.3, 'EG07', 2),
(1557, 'Σταθμός Διοδίων Ανάληψης Μετωπικά (Προς Ηγουμενίτσα)', 'Θεσσαλονίκης-Ανάληψη', 'Εγνατία Οδός', 40.70687, 23.19166, 1.3, 1.8, 4.5, 6.3, 'EG08', 2),
(1558, 'Σταθμός Διοδίων Ασπροβάλτας Μετωπικά (Προς Αλεξανδρούπολη)', 'Θεσσαλονίκης-Ασπροβάλτα', 'Εγνατία Οδός', 40.72626, 23.69369, 0.6, 0.9, 2.3, 3.2, 'EG09', 2),
(1559, 'Σταθμός Διοδίων Ασπροβάλτας Μετωπικά (Προς Ηγουμενίτσα)', 'Θεσσαλονίκης-Ασπροβάλτα', 'Εγνατία Οδός', 40.72651, 23.6937, 0.6, 0.9, 2.3, 3.2, 'EG10', 2),
(1560, 'Σταθμός Διοδίων Θεσσαλονίκης Μετωπικά (Προς Αλεξανδρούπολη)', 'Θεσσαλονίκης-Θεσσαλονίκη', 'Εγνατία Οδός', 40.69605, 22.89561, 0.3, 0.5, 1, 1.5, 'EG11', 2),
(1561, 'Σταθμός Διοδίων Θεσσαλονίκης Μετωπικά (Προς Ηγουμενίτσα)', 'Θεσσαλονίκης-Θεσσαλονίκη', 'Εγνατία Οδός', 40.69621, 22.89602, 0.3, 0.5, 1, 1.5, 'EG12', 2),
(1562, 'Σταθμός Διοδίων Μαλγάρων Μετωπικά (Προς Αθήνα)', 'Θεσσαλονίκης-Μάλγαρα', 'Α/Δ Αθηνών-Θεσσαλονίκης', 40.60257, 22.69825, 0.8, 1.2, 3, 4.2, 'EG13', 2),
(1563, 'Σταθμός Διοδίων Μαλγάρων Μετωπικά (Προς Θεσσαλονίκη)', 'Θεσσαλονίκης-Μάλγαρα', 'Α/Δ Αθηνών-Θεσσαλονίκης', 40.60222, 22.69828, 0.8, 1.2, 3, 4.2, 'EG14', 2),
(1564, 'Σταθμός Διοδίων Παμβώτιδας Μετωπικά (Προς Αλεξ/πολη)', 'Ιωαννίνων-Ιωάννινα', 'Εγνατία Οδός', 39.61861, 20.94787, 0.8, 1.2, 3, 4.2, 'EG15', 2),
(1565, 'Σταθμός Διοδίων Παμβώτιδας Μετωπικά (Προς Ηγουμενίτσα)', 'Ιωαννίνων-Ιωάννινα', 'Εγνατία Οδός', 39.61887, 20.94798, 0.8, 1.2, 3, 4.2, 'EG16', 2),
(1566, 'Σταθμός Διοδίων Τύριας Μετωπικά (Προς Αλεξ/πολη)', 'Ιωαννίνων-Τύρια', 'Εγνατία Οδός', 39.54018, 20.67424, 1.5, 2.1, 5.3, 7.4, 'EG17', 2),
(1567, 'Σταθμός Διοδίων Τύριας Μετωπικά (Προς Ηγουμενίτσα)', 'Ιωαννίνων-Τύρια', 'Εγνατία Οδός', 39.54018, 20.67446, 1.5, 2.1, 5.3, 7.4, 'EG18', 2),
(1568, 'Σταθμός Διοδίων Καβάλας Μετωπικά (Προς Αλεξ/πολη)', 'Καβάλας-Άσπρη Άμμος', 'Εγνατία Οδός', 40.9597, 24.47231, 1, 1.4, 3.5, 4.9, 'EG19', 2),
(1569, 'Σταθμός Διοδίων Καβάλας Μετωπικά (Προς Ηγουμενίτσα)', 'Καβάλας-Άσπρη Άμμος', 'Εγνατία Οδός', 40.95996, 24.47252, 1, 1.4, 3.5, 4.9, 'EG20', 2),
(1570, 'Σταθμός Διοδίων Μουσθένης Μετωπικά (Προς Αλεξ/πολη)', 'Καβάλας-Μουσθένη', 'Εγνατία Οδός', 40.8581, 24.16227, 1.1, 1.6, 4, 5.6, 'EG21', 2),
(1571, 'Σταθμός Διοδίων Μουσθένης Μετωπικά (Προς Ηγουμενίτσα)', 'Καβάλας-Μουσθένη', 'Εγνατία Οδός', 40.85828, 24.16236, 1.1, 1.6, 4, 5.6, 'EG22', 2),
(1572, 'Σταθμός Διοδίων Ιεροπηγής Μετωπικά (Προς Κρυσταλλοπηγή)', 'Καστοριάς-Ιεροπηγή', 'Α/Δ Σιάτιστας-Κρυσταλλοπηγής', 40.5745, 21.06155, 1, 1.4, 3.5, 4.9, 'EG23', 2),
(1573, 'Σταθμός Διοδίων Ιεροπηγής Μετωπικά (Προς Σιάτιστα)', 'Καστοριάς-Ιεροπηγή', 'Α/Δ Σιάτιστας-Κρυσταλλοπηγής', 40.57463, 21.06136, 1, 1.4, 3.5, 4.9, 'EG24', 2),
(1574, 'Σταθμός Διοδίων Ευζώνων Μετωπικά (Προς Μάλγαρα)', 'Κιλκίς-Εύζωνοι', 'Α/Δ ΠΑΘΕ', 41.10873, 22.5584, 1.3, 1.8, 4.5, 6.3, 'EG25', 2),
(1575, 'Σταθμός Διοδίων Ευζώνων Μετωπικά (Προς Σύνορα)', 'Κιλκίς-Εύζωνοι', 'Α/Δ ΠΑΘΕ', 41.10865, 22.55872, 1.3, 1.8, 4.5, 6.3, 'EG26', 2),
(1576, 'Σταθμός Διοδίων Πολύμυλου Μετωπικά (Προς Αλεξ/πολη)', 'Κοζάνης-Πολύμυλος', 'Εγνατία Οδός', 40.36719, 22.06011, 1, 1.4, 3.5, 4.9, 'EG27', 2),
(1577, 'Σταθμός Διοδίων Πολύμυλου Μετωπικά (Προς Ηγουμενίτσα)', 'Κοζάνης-Πολύμυλος', 'Εγνατία Οδός', 40.36724, 22.06038, 1, 1.4, 3.5, 4.9, 'EG28', 2),
(1578, 'Σταθμός Διοδίων Σιάτιστας Μετωπικά (Προς Αλεξ/πολη)', 'Κοζάνης-Σιάτιστα', 'Εγνατία Οδός', 40.2564, 21.63294, 1.1, 1.5, 3.8, 5.3, 'EG29', 2),
(1579, 'Σταθμός Διοδίων Σιάτιστας Μετωπικά (Προς Ηγουμενίτσα)', 'Κοζάνης-Σιάτιστα', 'Εγνατία Οδός', 40.25663, 21.63296, 1.1, 1.5, 3.8, 5.3, 'EG30', 2),
(1580, 'Σταθμός Διοδίων Ίασμου Μετωπικά (Προς Αλεξ/πολη)', 'Ροδόπης-Ίασμος', 'Εγνατία Οδός', 41.12035, 25.08013, 1, 1.4, 3.5, 4.9, 'EG31', 2),
(1581, 'Σταθμός Διοδίων Ίασμου Μετωπικά (Προς Ηγουμενίτσα)', 'Ροδόπης-Ίασμος', 'Εγνατία Οδός', 41.12048, 25.08019, 1, 1.4, 3.5, 4.9, 'EG32', 2),
(1582, 'Σταθμός Διοδίων Προμαχώνα Μετωπικά (Προς Προμαχώνα)', 'Σερρών-Προμαχώνας', 'Α/Δ Σερρών-Προμαχώνα', 41.3641, 23.35685, 1.4, 2, 5, 7, 'EG33', 2),
(1583, 'Σταθμός Διοδίων Προμαχώνα Μετωπικά (Προς Σέρρες)', 'Σερρών-Προμαχώνας', 'Α/Δ Σερρών-Προμαχώνα', 41.36428, 23.35673, 1.4, 2, 5, 7, 'EG34', 2),
(1584, 'Σταθμός Διοδίων Στρυμονικού Μετωπικά (Προς Θεσσαλονίκη)', 'Σερρών-Στρυμονικό', 'Α/Δ Θεσσαλονίκης-Σερρών', 41.04377, 23.29506, 0.7, 1, 2.5, 3.5, 'EG35', 2),
(1585, 'Σταθμός Διοδίων Στρυμονικού Μετωπικά (Προς Σέρρες)', 'Σερρών-Στρυμονικό', 'Α/Δ Θεσσαλονίκης-Σερρών', 41.04362, 23.29504, 0.7, 1, 2.5, 3.5, 'EG36', 2),
(1586, 'Σταθμός Διοδίων Μαλακασίου Μετωπικά (Προς Αλεξ/πολη)', 'Τρικάλων-Μαλακάσι', 'Εγνατία Οδός', 39.78944, 21.26681, 1, 1.4, 3.5, 4.9, 'EG37', 2),
(1587, 'Σταθμός Διοδίων Μαλακασίου Μετωπικά (Προς Ηγουμενίτσα)', 'Τρικάλων-Μαλακάσι', 'Εγνατία Οδός', 39.78979, 21.26626, 1, 1.4, 3.5, 4.9, 'EG38', 2),
(1588, 'Σταθμός Διοδίων Μεστής Πλευρικά (Από Αλεξ/πολη)', 'Έβρου-Μεστή', 'Εγνατία Οδός', 40.96176, 25.64339, 0.6, 0.8, 2, 2.8, 'EG39', 2),
(1589, 'Σταθμός Διοδίων Μεστής Πλευρικά (Προς Αλεξ/πολη)', 'Έβρου-Μεστή', 'Εγνατία Οδός', 40.96122, 25.64278, 0.6, 0.8, 2, 2.8, 'EG40', 2),
(1590, 'Σταθμός Διοδίων Βαϊοχωρίου Πλευρικά (Από Αλεξ/πολη)', 'Θεσσαλονίκης-Βαϊοχώρι', 'Εγνατία Οδός', 40.70133, 23.37106, 0.4, 0.6, 1.5, 2.1, 'EG41', 2),
(1591, 'Σταθμός Διοδίων Βαϊοχωρίου Πλευρικά (Προς Αλεξ/πολη)', 'Θεσσαλονίκης-Βαϊοχώρι', 'Εγνατία Οδός', 40.70003, 23.37042, 0.4, 0.6, 1.5, 2.1, 'EG42', 2),
(1592, 'Σταθμός Διοδίων Λαγκαδά Πλευρικά (Είσοδος Προς Ηγουμενίτσα)', 'Θεσσαλονίκης-Λαγυνά', 'Εγνατία Οδός', 40.74036, 23.01134, 0.2, 0.3, 0.8, 1.1, 'EG43', 2),
(1593, 'Σταθμός Διοδίων Λαγκαδά Πλευρικά (Είσοδος Προς Ηγουμενίτσα)', 'Θεσσαλονίκης-Λαγυνά', 'Εγνατία Οδός', 40.74041, 23.00921, 0.2, 0.3, 0.8, 1.1, 'EG44', 2),
(1594, 'Σταθμός Διοδίων Λαγκαδά Πλευρικά (Έξοδος Από Ηγουμενίτσα)', 'Θεσσαλονίκης-Λαγυνά', 'Εγνατία Οδός', 40.73708, 23.00886, 0.2, 0.3, 0.8, 1.1, 'EG45', 2),
(1595, 'Σταθμός Διοδίων Ασπροβάλτας Πλευρικά (Από Ηγουμενίτσα)', 'Θεσσαλονίκης-Νέα Βρασνά', 'Εγνατία Οδός', 40.70963, 23.68233, 0.2, 0.3, 0.8, 1.1, 'EG46', 2),
(1596, 'Σταθμός Διοδίων Ασπροβάλτας Πλευρικά (Προς Ηγουμενίτσα)', 'Θεσσαλονίκης-Νέα Βρασνά', 'Εγνατία Οδός', 40.70969, 23.68007, 0.2, 0.3, 0.8, 1.1, 'EG47', 2),
(1597, 'Σταθμός Διοδίων Προφήτη Πλευρικά (Από Αλεξ/πολη)', 'Θεσσαλονίκης-Προφήτης', 'Εγνατία Οδός', 40.68507, 23.25728, 0.6, 0.9, 2.3, 3.2, 'EG48', 2),
(1598, 'Σταθμός Διοδίων Προφήτη Πλευρικά (Προς Αλεξ/πολη)', 'Θεσσαλονίκης-Προφήτης', 'Εγνατία Οδός', 40.68298, 23.26014, 0.6, 0.9, 2.3, 3.2, 'EG49', 2),
(1599, 'Σταθμός Διοδίων Αγίου Ανδρέα Πλευρικά (Από Αλεξ/πολη)', 'Καβάλας-Άγιος Ανδρέας', 'Εγνατία Οδός', 40.87301, 24.29632, 0.3, 0.4, 1, 1.4, 'EG50', 2),
(1600, 'Σταθμός Διοδίων Αγίου Ανδρέα Πλευρικά (Προς Αλεξ/πολη)', 'Καβάλας-Άγιος Ανδρέας', 'Εγνατία Οδός', 40.87425, 24.29886, 0.3, 0.4, 1, 1.4, 'EG51', 2),
(1601, 'Σταθμός Διοδίων Άσπρων Χωμάτων Πλευρικά (Από Ηγουμενίτσα)', 'Καβάλας-Άσπρη Άμμος', 'Εγνατία Οδός', 40.95475, 24.4649, 0.2, 0.3, 0.8, 1.1, 'EG52', 2),
(1602, 'Σταθμός Διοδίων Άσπρων Χωμάτων Πλευρικά (Προς Ηγουμενίτσα)', 'Καβάλας-Άσπρη Άμμος', 'Εγνατία Οδός', 40.95614, 24.46335, 0.2, 0.3, 0.8, 1.1, 'EG53', 2),
(1603, 'Σταθμός Διοδίων Ελευθερούπολης Πλευρικά (Από Αλεξ/πολη)', 'Καβάλας-Εξοχή', 'Εγνατία Οδός', 40.88656, 24.23466, 0.5, 0.6, 1.5, 2.1, 'EG54', 2),
(1604, 'Σταθμός Διοδίων Ελευθερούπολης Πλευρικά (Προς Αλεξ/πολη)', 'Καβάλας-Εξοχή', 'Εγνατία Οδός', 40.88405, 24.23595, 0.5, 0.6, 1.5, 2.1, 'EG55', 2),
(1605, 'Σταθμός Διοδίων Μουσθένης Πλευρικά (Από Ηγουμενίτσα)', 'Καβάλας-Μουσθένη', 'Εγνατία Οδός', 40.83828, 24.11487, 0.6, 0.8, 2, 2.8, 'EG56', 2),
(1606, 'Σταθμός Διοδίων Μουσθένης Πλευρικά (Προς Ηγουμενίτσα)', 'Καβάλας-Μουσθένη', 'Εγνατία Οδός', 40.84142, 24.1166, 0.6, 0.8, 2, 2.8, 'EG57', 2),
(1607, 'Σταθμός Διοδίων Γαληψού Ορφανίου Πλευρικά (Από Ηγουμενίτσα)', 'Καβάλας-Ορφάνιο', 'Εγνατία Οδός', 40.78273, 23.95742, 0.2, 0.3, 0.8, 1.1, 'EG58', 2),
(1608, 'Σταθμός Διοδίων Γαληψού Ορφανίου Πλευρικά (Προς Ηγουμενίτσα)', 'Καβάλας-Ορφάνιο', 'Εγνατία Οδός', 40.78738, 23.95591, 0.2, 0.3, 0.8, 1.1, 'EG59', 2),
(1609, 'Σταθμός Διοδίων Πολυκάστρου Πλευρικά (Από Πολύκαστρο)', 'Κιλκίς-Πολύκαστρο', 'Α/Δ ΠΑΘΕ', 40.98913, 22.60377, 0.9, 1.3, 3.3, 4.6, 'EG60', 2),
(1610, 'Σταθμός Διοδίων Πολυκάστρου Πλευρικά (Προς Πολύκαστρο)', 'Κιλκίς-Πολύκαστρο', 'Α/Δ ΠΑΘΕ', 40.98902, 22.60492, 0.9, 1.3, 3.3, 4.6, 'EG61', 2),
(1611, 'Σταθμός Διοδίων Καλαμιάς Πλευρικά (Από Αλεξ/πολη)', 'Κοζάνης-Καλαμιά', 'Εγνατία Οδός', 40.2978, 21.68065, 0.3, 0.4, 1, 1.4, 'EG62', 2),
(1612, 'Σταθμός Διοδίων Καλαμιάς Πλευρικά (Προς Αλεξ/πολη)', 'Κοζάνης-Καλαμιά', 'Εγνατία Οδός', 40.30186, 21.69036, 0.3, 0.4, 1, 1.4, 'EG63', 2),
(1613, 'Σταθμός Διοδίων Σιάτιστας Ανατολικά Πλευρικά (Από Ηγουμενίτσα)', 'Κοζάνης-Σιάτιστα', 'Εγνατία Οδός', 40.23622, 21.57988, 0.5, 0.7, 1.8, 2.5, 'EG64', 2),
(1614, 'Σταθμός Διοδίων Σιάτιστας Ανατολικά Πλευρικά (Προς Ηγουμενίτσα)', 'Κοζάνης-Σιάτιστα', 'Εγνατία Οδός', 40.23697, 21.57984, 0.5, 0.7, 1.8, 2.5, 'EG65', 2),
(1615, 'Σταθμός Διοδίων Βαφέικων Πλευρικά (Από Ηγουμενίτσα Προς Ξάνθη)', 'Ξάνθης-Βαφέικα', 'Εγνατία Οδός', 41.09622, 24.9466, 0.2, 0.3, 0.8, 1.1, 'EG66', 2),
(1616, 'Σταθμός Διοδίων Βαφέικων Πλευρικά (Από Ηγουμενίτσα Προς Πόρτο Λάγος)', 'Ξάνθης-Βαφέικα', 'Εγνατία Οδός', 41.09518, 24.94467, 0.2, 0.3, 0.8, 1.1, 'EG67', 2),
(1617, 'Σταθμός Διοδίων Βαφέικων Πλευρικά (Από Ξάνθη Προς Ηγουμενίτσα)', 'Ξάνθης-Βαφέικα', 'Εγνατία Οδός', 41.09463, 24.93714, 0.2, 0.3, 0.8, 1.1, 'EG68', 2),
(1618, 'Σταθμός Διοδίων Βαφέικων Πλευρικά (Από Πόρτο Λάγος Προς Ηγουμενίτσα)', 'Ξάνθης-Βαφέικα', 'Εγνατία Οδός', 41.0982, 24.94494, 0.2, 0.3, 0.8, 1.1, 'EG69', 2),
(1619, 'Σταθμός Διοδίων Ίασμου Πλευρικά (Από Αλεξ/πολη)', 'Ροδόπης-Ίασμος', 'Εγνατία Οδός', 41.11714, 25.18443, 0.4, 0.5, 1.3, 1.8, 'EG70', 2),
(1620, 'Σταθμός Διοδίων Ίασμου Πλευρικά (Προς Αλεξ/πολη)', 'Ροδόπης-Ίασμος', 'Εγνατία Οδός', 41.11562, 25.18446, 0.4, 0.5, 1.3, 1.8, 'EG71', 2),
(1621, 'Σταθμός Διοδίων ΒΙ.ΠΕ. Κομοτηνής Πλευρικά (Από Ηγουμενίτσα)', 'Ροδόπης-Φύλακας', 'Εγνατία Οδός', 41.0596, 25.47539, 0.2, 0.3, 0.8, 1.1, 'EG72', 2),
(1622, 'Σταθμός Διοδίων ΒΙ.ΠΕ. Κομοτηνής Πλευρικά (Προς Ηγουμενίτσα)', 'Ροδόπης-Φύλακας', 'Εγνατία Οδός', 41.06149, 25.47661, 0.2, 0.3, 0.8, 1.1, 'EG73', 2),
(1623, 'Σταθμός Διοδίων Παναγιάς Πλευρικά', 'Τρικάλων-Μαλακάσι', 'Εγνατία Οδός', 39.78578, 21.29482, 0.7, 1, 2.5, 3.5, 'EG74', 2),
(1624, 'Σταθμός Διοδίων Γέφυρας Ρίου Αντιρρίου Μετωπικά (Προς Αντίρριο)', 'Αιτωλοακαρνανίας-Αντίρριο', 'Α/Δ Αντιρρίου-Ιωαννίνων', 38.33383, 21.76604, 2, 14.7, 46.5, 74.5, 'GE01', 3),
(1625, 'Σταθμός Διοδίων Γέφυρας Ρίου Αντιρρίου Μετωπικά (Προς Ρίο)', 'Αιτωλοακαρνανίας-Αντίρριο', 'Α/Δ Αντιρρίου-Ιωαννίνων', 38.33381, 21.76581, 2, 14.7, 46.5, 74.5, 'GE02', 3),
(1626, 'Σταθμός Διοδίων Σοφάδων Μετωπικά (Προς Λαμία)', 'Καρδίτσας-Μαυραχάδες', 'Α/Δ Λαμίας-Τρικάλων', 39.25717, 22.08299, 2.35, 3.4, 8.5, 11.95, 'KO01', 4),
(1627, 'Σταθμός Διοδίων Σοφάδων Μετωπικά (Προς Τρίκαλα)', 'Καρδίτσας-Μαυραχάδες', 'Α/Δ Λαμίας-Τρικάλων', 39.25691, 22.0832, 2.35, 3.4, 8.5, 11.95, 'KO02', 4),
(1628, 'Σταθμός Διοδίων Τρικάλων Μετωπικά (Προς Λαμία)', 'Τρικάλων-Λόγγος', 'Α/Δ Λαμίας-Τρικάλων', 39.5204, 21.83212, 2.05, 2.95, 7.45, 10.45, 'KO03', 4),
(1629, 'Σταθμός Διοδίων Τρικάλων Μετωπικά (Προς Τρίκαλα)', 'Τρικάλων-Λόγγος', 'Α/Δ Λαμίας-Τρικάλων', 39.52022, 21.83249, 2.05, 2.95, 7.45, 10.45, 'KO04', 4),
(1630, 'Σταθμός Διοδίων Αγίας Τριάδας Μετωπικά (Προς Αθήνα)', 'Φθιώτιδος-Αγία Τριάδα', 'Α/Δ Αθηνών-Θεσσαλονίκης', 38.80835, 22.60256, 1.35, 1.9, 4.8, 6.75, 'KO05', 4),
(1631, 'Σταθμός Διοδίων Αγίας Τριάδας Μετωπικά (Προς Θεσσαλονίκη)', 'Φθιώτιδος-Αγία Τριάδα', 'Α/Δ Αθηνών-Θεσσαλονίκης', 38.80869, 22.6027, 1.35, 1.9, 4.8, 6.75, 'KO06', 4),
(1632, 'Σταθμός Διοδίων Λειανοκλαδίου Μετωπικά (Προς Λαμία)', 'Φθιώτιδος-Σταυρός', 'Κεντρική Οδός', 38.91517, 22.34873, 1.3, 1.85, 4.7, 6.6, 'KO07', 4),
(1633, 'Σταθμός Διοδίων Λειανοκλαδίου Μετωπικά (Προς Τρίκαλα)', 'Φθιώτιδος-Σταυρός', 'Κεντρική Οδός', 38.91495, 22.34906, 1.3, 1.85, 4.7, 6.6, 'KO08', 4),
(1634, 'Σταθμός Διοδίων Μαυρομαντήλας Μετωπικά (Προς Αθήνα)', 'Φθιώτιδος-Στυλίδα', 'Α/Δ Αθηνών-Θεσσαλονίκης', 38.90419, 22.52794, 1.45, 2.05, 5.15, 7.25, 'KO09', 4),
(1635, 'Σταθμός Διοδίων Μαυρομαντήλας Μετωπικά (Προς Θεσσαλονίκη)', 'Φθιώτιδος-Στυλίδα', 'Α/Δ Αθηνών-Θεσσαλονίκης', 38.90403, 22.52754, 1.45, 2.05, 5.15, 7.25, 'KO10', 4),
(1636, 'Σταθμός Διοδίων Ανάβρας Πλευρικά (Από Λαμία)', 'Καρδίτσας-Ανάβρα', 'Α/Δ Λαμίας-Τρικάλων', 39.21048, 22.06925, 1.4, 2, 5, 7, 'KO11', 4),
(1637, 'Σταθμός Διοδίων Ανάβρας Πλευρικά (Προς Λαμία)', 'Καρδίτσας-Ανάβρα', 'Α/Δ Λαμίας-Τρικάλων', 39.21025, 22.06905, 1.4, 2, 5, 7, 'KO12', 4),
(1638, 'Σταθμός Διοδίων Προαστίου Πλευρικά (Από Λαμία)', 'Καρδίτσας-Προάστιο', 'Α/Δ Λαμίας-Τρικάλων', 39.4748, 21.9031, 0.8, 1.15, 2.85, 4.05, 'KO13', 4),
(1639, 'Σταθμός Διοδίων Προαστίου Πλευρικά (Προς Λαμία)', 'Καρδίτσας-Προάστιο', 'Α/Δ Λαμίας-Τρικάλων', 39.4746, 21.90324, 0.8, 1.15, 2.85, 4.05, 'KO14', 4),
(1640, 'Σταθμός Διοδίων Καλαμπάκας Πλευρικά (Από Καλαμπάκα)', 'Τρικάλων-Καλαμπάκα', 'Κεντρική Οδός', 39.70028, 21.60858, 0.6, 0.9, 2.25, 3.15, 'KO15', 4),
(1641, 'Σταθμός Διοδίων Καλαμπάκας Πλευρικά (Προς Καλαμπάκα)', 'Τρικάλων-Καλαμπάκα', 'Κεντρική Οδός', 39.69975, 21.6108, 0.6, 0.9, 2.25, 3.15, 'KO16', 4),
(1642, 'Σταθμός Διοδίων Τρικάλων Πλευρικά (Από Τρίκαλα)', 'Τρικάλων-Τρίκαλα', 'Κεντρική Οδός', 39.56901, 21.81829, 0.55, 0.8, 2.05, 2.9, 'KO17', 4),
(1643, 'Σταθμός Διοδίων Τρικάλων Πλευρικά (Προς Τρίκαλα)', 'Τρικάλων-Τρίκαλα', 'Κεντρική Οδός', 39.56879, 21.81811, 0.55, 0.8, 2.05, 2.9, 'KO18', 4),
(1644, 'Σταθμός Διοδίων Αγίας Μαρίνας Πλευρικά (Από Θεσ/νίκη)', 'Φθιώτιδος-Αγία Μαρίνα', 'Α/Δ Αθηνών-Θεσσαλονίκης', 38.90377, 22.57063, 0.9, 1.3, 3.3, 4.6, 'KO19', 4),
(1645, 'Σταθμός Διοδίων Αγίας Μαρίνας Πλευρικά (Προς Θεσ/νίκη)', 'Φθιώτιδος-Αγία Μαρίνα', 'Α/Δ Αθηνών-Θεσσαλονίκης', 38.90305, 22.56907, 0.9, 1.3, 3.3, 4.6, 'KO20', 4),
(1646, 'Σταθμός Διοδίων Θερμοπυλών Πλευρικά (Από Θεσσαλονίκη)', 'Φθιώτιδος-Θερμοπύλες', 'Α/Δ Αθηνών-Θεσσαλονίκης', 38.79929, 22.50926, 0.45, 0.65, 1.65, 2.35, 'KO21', 4),
(1647, 'Σταθμός Διοδίων Θερμοπυλών Πλευρικά (Προς Θεσσαλονίκη)', 'Φθιώτιδος-Θερμοπύλες', 'Α/Δ Αθηνών-Θεσσαλονίκης', 38.79959, 22.51118, 0.45, 0.65, 1.65, 2.35, 'KO22', 4),
(1648, 'Σταθμός Διοδίων Μώλου Πλευρικά (Από Αθήνα)', 'Φθιώτιδος-Μώλος', 'Α/Δ Αθηνών-Θεσσαλονίκης', 38.80267, 22.64938, 0.25, 0.35, 0.9, 1.3, 'KO23', 4),
(1649, 'Σταθμός Διοδίων Μώλου Πλευρικά (Προς Αθήνα)', 'Φθιώτιδος-Μώλος', 'Α/Δ Αθηνών-Θεσσαλονίκης', 38.8029, 22.64952, 0.25, 0.35, 0.9, 1.3, 'KO24', 4),
(1650, 'Σταθμός Διοδίων Στυλίδας Πλευρικά (Από Θεσσαλονίκη)', 'Φθιώτιδος-Στυλίδα', 'Α/Δ Αθηνών-Θεσσαλονίκης', 38.91363, 22.659, 0.5, 0.7, 1.75, 2.5, 'KO25', 4),
(1651, 'Σταθμός Διοδίων Στυλίδας Πλευρικά (Προς Θεσσαλονίκη)', 'Φθιώτιδος-Στυλίδα', 'Α/Δ Αθηνών-Θεσσαλονίκης', 38.91357, 22.65774, 0.5, 0.7, 1.75, 2.5, 'KO26', 4),
(1652, 'Σταθμός Διοδίων Βελιγοστής Μετωπικά (Προς Καλαμάτα)', 'Αρκαδίας-Βελιγοστή', 'Α/Δ Μορέας', 37.34516, 22.11037, 0.9, 1.35, 3.4, 4.8, 'MO01', 5),
(1653, 'Σταθμός Διοδίων Βελιγοστής Μετωπικά (Προς Κόρινθο)', 'Αρκαδίας-Βελιγοστή', 'Α/Δ Μορέας', 37.34483, 22.1103, 0.9, 1.35, 3.4, 4.8, 'MO02', 5),
(1654, 'Σταθμός Διοδίων Γέφυρας Μάναρη Μετωπικά (Προς Καλαμάτα)', 'Αρκαδίας-Μάναρης', 'Α/Δ Μορέας', 37.41249, 22.30764, 1.4, 2.1, 5.25, 7.4, 'MO03', 5),
(1655, 'Σταθμός Διοδίων Γέφυρας Μάναρη Μετωπικά (Προς Κόρινθο)', 'Αρκαδίας-Μάναρης', 'Α/Δ Μορέας', 37.4122, 22.30776, 1.4, 2.1, 5.25, 7.4, 'MO04', 5),
(1656, 'Σταθμός Διοδίων Νεστάνης Μετωπικά (Προς Καλαμάτα)', 'Αρκαδίας-Νεστάνη', 'Α/Δ Μορέας', 37.60085, 22.44646, 1.8, 2.6, 6.5, 9.1, 'MO05', 5),
(1657, 'Σταθμός Διοδίων Νεστάνης Μετωπικά (Προς Κόρινθο)', 'Αρκαδίας-Νεστάνη', 'Α/Δ Μορέας', 37.60057, 22.44655, 1.8, 2.6, 6.5, 9.1, 'MO06', 5),
(1658, 'Σταθμός Διοδίων Πετρίνας Μετωπικά (Προς Κόρινθο-Καλαμάτα)', 'Αρκαδίας-Πετρίνα', 'Α/Δ Μορέας', 37.29864, 22.21032, 2.2, 3.15, 7.9, 11.1, 'MO07', 5),
(1659, 'Σταθμός Διοδίων Πετρίνας Μετωπικά (Προς Σπάρτη)', 'Αρκαδίας-Πετρίνα', 'Α/Δ Μορέας', 37.29884, 22.21009, 2.2, 3.15, 7.9, 11.1, 'MO08', 5),
(1660, 'Σταθμός Διοδίων Σπαθοβουνίου Μετωπικά (Προς Καλαμάτα)', 'Κορινθίας-Σπαθοβούνι', 'Α/Δ Μορέας', 37.83599, 22.80797, 1.9, 2.7, 6.85, 9.6, 'MO09', 5),
(1661, 'Σταθμός Διοδίων Σπαθοβουνίου Μετωπικά (Προς Κόρινθο)', 'Κορινθίας-Σπαθοβούνι', 'Α/Δ Μορέας', 37.83565, 22.80808, 1.9, 2.7, 6.85, 9.6, 'MO10', 5),
(1662, 'Σταθμός Διοδίων Καλαμάτας Μετωπικά (Προς Καλαμάτα)', 'Μεσσηνίας-Καλαμάτα', 'Α/Δ Μορέας', 37.13694, 22.03779, 1.4, 2.05, 5.15, 7.25, 'MO11', 5),
(1663, 'Σταθμός Διοδίων Καλαμάτας Μετωπικά (Προς Κόρινθο)', 'Μεσσηνίας-Καλαμάτα', 'Α/Δ Μορέας', 37.13675, 22.0381, 1.4, 2.05, 5.15, 7.25, 'MO12', 5),
(1664, 'Σταθμός Διοδίων Αρφαρών Πλευρικά (Από Κόρινθο)', 'Μεσσηνίας-Αρφαρά', 'Α/Δ Μορέας', 37.15246, 22.0261, 0.5, 0.8, 2.05, 2.85, 'MO13', 5),
(1665, 'Σταθμός Διοδίων Αρφαρών Πλευρικά (Προς Κόρινθο)', 'Μεσσηνίας-Αρφαρά', 'Α/Δ Μορέας', 37.15349, 22.02565, 0.5, 0.8, 2.05, 2.85, 'MO14', 5),
(1666, 'Σταθμός Διοδίων Θουρίας Πλευρικά (Από Καλαμάτα)', 'Μεσσηνίας-Θουρία', 'Α/Δ Μορέας', 37.07192, 22.04808, 0.3, 0.5, 1.3, 1.85, 'MO15', 5),
(1667, 'Σταθμός Διοδίων Θουρίας Πλευρικά (Προς Καλαμάτα)', 'Μεσσηνίας-Θουρία', 'Α/Δ Μορέας', 37.07162, 22.04731, 0.3, 0.5, 1.3, 1.85, 'MO16', 5),
(1668, 'Σταθμός Διοδίων Παραδείσιων Πλευρικά (Από Καλαμάτα)', 'Μεσσηνίας-Παραδείσια', 'Α/Δ Μορέας', 37.33067, 22.07845, 0.5, 0.8, 2.05, 2.9, 'MO17', 5),
(1669, 'Σταθμός Διοδίων Παραδείσιων Πλευρικά (Προς Καλαμάτα)', 'Μεσσηνίας-Παραδείσια', 'Α/Δ Μορέας', 37.33179, 22.07778, 0.5, 0.8, 2.05, 2.9, 'MO18', 5),
(1670, 'Σταθμός Διοδίων Αγίας Παρασκευής Πλευρικά (Προς Καρέα)', 'Αττικής-Αγία Παρασκευή', 'Περιφ. Υμηττού', 38.00812, 23.83668, 1.25, 2.5, 6.25, 10, 'NAO01', 6),
(1671, 'Σταθμός Διοδίων Αγίας Παρασκευής Πλευρικά (Προς Παλλήνη)', 'Αττικής-Αγία Παρασκευή', 'Περιφ. Υμηττού', 38.0091, 23.84211, 1.25, 2.5, 6.25, 10, 'NAO02', 6),
(1672, 'Σταθμός Διοδίων Δημόκριτου Πλευρικά (Προς Παλλήνη)', 'Αττικής-Αγία Παρασκευή', 'Περιφ. Υμηττού', 37.99958, 23.8212, 1.25, 2.5, 6.25, 10, 'NAO03', 6),
(1673, 'Σταθμός Διοδίων Ανθούσας Πλευρικά (Προς Ελευσίνα)', 'Αττικής-Ανθούσα', 'Αττική Οδός', 38.01688, 23.86606, 1.25, 2.5, 6.25, 10, 'NAO04', 6),
(1674, 'Σταθμός Διοδίων Περιφεριακής Αιγάλεω Πλευρικά (Προς Αεροδρόμιο)', 'Αττικής-Άνω Λιόσια', 'Αττική Οδός', 38.07565, 23.67635, 1.25, 2.5, 6.25, 10, 'NAO05', 6),
(1675, 'Σταθμός Διοδίων Περιφεριακής Αιγάλεω Πλευρικά (Προς Ελευσίνα)', 'Αττικής-Άνω Λιόσια', 'Αττική Οδός', 38.08009, 23.67856, 1.25, 2.5, 6.25, 10, 'NAO06', 6),
(1676, 'Σταθμός Διοδίων Ασπροπύργου Πλευρικά (Προς Αεροδρόμιο)', 'Αττικής-Ασπρόπυργος', 'Αττική Οδός', 38.08919, 23.6222, 1.25, 2.5, 6.25, 10, 'NAO07', 6),
(1677, 'Σταθμός Διοδίων Ασπροπύργου Πλευρικά (Προς Ελευσίνα)', 'Αττικής-Ασπρόπυργος', 'Αττική Οδός', 38.0904, 23.61994, 1.25, 2.5, 6.25, 10, 'NAO08', 6),
(1678, 'Σταθμός Διοδίων Λεωφ. Δουκίσσης Πλακεντίας Πλευρικά (Προς Αεροδρόμιο)', 'Αττικής-Βριλήσσια', 'Αττική Οδός', 38.02401, 23.83473, 1.25, 2.5, 6.25, 10, 'NAO09', 6),
(1679, 'Σταθμός Διοδίων Λεωφ. Δουκίσσης Πλακεντίας Πλευρικά (Προς Ελευσίνα)', 'Αττικής-Βριλήσσια', 'Αττική Οδός', 38.02517, 23.83393, 1.25, 2.5, 6.25, 10, 'NAO10', 6),
(1680, 'Σταθμός Διοδίων Λεωφ. Δουκίσσης Πλακεντίας Πλευρικά (Προς Καρέα)', 'Αττικής-Βριλήσσια', 'Περιφ. Υμηττού', 38.01935, 23.83767, 1.25, 2.5, 6.25, 10, 'NAO11', 6),
(1681, 'Σταθμός Διοδίων Λεωφ. Πεντέλης Πλευρικά (Προς Αεροδρόμιο)', 'Αττικής-Βριλήσσια', 'Αττική Οδός', 38.02703, 23.82915, 1.25, 2.5, 6.25, 10, 'NAO12', 6),
(1682, 'Σταθμός Διοδίων Λεωφ. Πεντέλης Πλευρικά (Προς Ελευσίνα)', 'Αττικής-Βριλήσσια', 'Αττική Οδός', 38.03427, 23.82164, 1.25, 2.5, 6.25, 10, 'NAO13', 6),
(1683, 'Σταθμός Διοδίων Γλυκών Νερών Πλευρικά (Προς Καρέα)', 'Αττικής-Γλυκά Νερά', 'Περιφ. Υμηττού', 37.99753, 23.84944, 1.25, 2.5, 6.25, 10, 'NAO14', 6),
(1684, 'Σταθμός Διοδίων Γλυκών Νερών Πλευρικά (Προς Παλλήνη)', 'Αττικής-Γλυκά Νερά', 'Περιφ. Υμηττού', 37.9971, 23.85116, 1.25, 2.5, 6.25, 10, 'NAO15', 6),
(1685, 'Σταθμός Διοδίων Λεωφ. Δημοκρατίας Πλευρικά (Προς Αεροδρόμιο)', 'Αττικής-Ζεφύρι', 'Αττική Οδός', 38.06607, 23.73427, 1.25, 2.5, 6.25, 10, 'NAO16', 6),
(1686, 'Σταθμός Διοδίων Λεωφ. Δημοκρατίας Πλευρικά (Προς Ελευσίνα)', 'Αττικής-Ζεφύρι', 'Αττική Οδός', 38.06741, 23.73161, 1.25, 2.5, 6.25, 10, 'NAO17', 6),
(1687, 'Σταθμός Διοδίων Λεωφ. Ηρακλείου Πλευρικά (Προς Αεροδρόμιο)', 'Αττικής-Ηράκλειο', 'Αττική Οδός', 38.05641, 23.77234, 1.25, 2.5, 6.25, 10, 'NAO18', 6),
(1688, 'Σταθμός Διοδίων Λεωφ. Ηρακλείου Πλευρικά (Προς Ελευσίνα)', 'Αττικής-Ηράκλειο', 'Αττική Οδός', 38.05859, 23.76884, 1.25, 2.5, 6.25, 10, 'NAO19', 6),
(1689, 'Σταθμός Διοδίων Λεωφ. Κύμης Πλευρικά (Προς Αεροδρόμιο)', 'Αττικής-Ηράκλειο', 'Αττική Οδός', 38.04838, 23.78561, 1.25, 2.5, 6.25, 10, 'NAO20', 6),
(1690, 'Σταθμός Διοδίων Λεωφ. Κύμης Πλευρικά (Προς Ελευσίνα)', 'Αττικής-Ηράκλειο', 'Αττική Οδός', 38.05237, 23.78147, 1.25, 2.5, 6.25, 10, 'NAO21', 6),
(1691, 'Σταθμός Διοδίων Λεωφ. Φυλής Πλευρικά (Προς Αεροδρόμιο)', 'Αττικής-Καματερό', 'Αττική Οδός', 38.07018, 23.71147, 1.25, 2.5, 6.25, 10, 'NAO22', 6),
(1692, 'Σταθμός Διοδίων Λεωφ. Φυλής Πλευρικά (Προς Ελευσίνα)', 'Αττικής-Καματερό', 'Αττική Οδός', 38.07138, 23.70832, 1.25, 2.5, 6.25, 10, 'NAO23', 6),
(1693, 'Σταθμός Διοδίων Κορωπίου Μετωπικά (Προς Ελευσίνα)', 'Αττικής-Κορωπί', 'Αττική Οδός', 37.93851, 23.88683, 1.25, 2.5, 6.25, 10, 'NAO24', 6),
(1694, 'Σταθμός Διοδίων Λεωφ. Κηφισίας Πλευρικά (Προς Αεροδρόμιο)', 'Αττικής-Μαρούσι', 'Αττική Οδός', 38.04123, 23.8053, 1.25, 2.5, 6.25, 10, 'NAO25', 6),
(1695, 'Σταθμός Διοδίων Λεωφ. Κηφισίας Πλευρικά (Προς Ελευσίνα)', 'Αττικής-Μαρούσι', 'Αττική Οδός', 38.04366, 23.79931, 1.25, 2.5, 6.25, 10, 'NAO26', 6),
(1696, 'Σταθμός Διοδίων Αθηνών-Λαμίας Πλευρικά (Από Αθήνα Προς Αεροδρόμιο)', 'Αττικής-Μεταμόρφωση', 'Αττική Οδός', 38.06086, 23.7505, 1.25, 2.5, 6.25, 10, 'NAO27', 6),
(1697, 'Σταθμός Διοδίων Αθηνών-Λαμίας Πλευρικά (Από Αθήνα Προς Ελευσίνα)', 'Αττικής-Μεταμόρφωση', 'Αττική Οδός', 38.06285, 23.74866, 1.25, 2.5, 6.25, 10, 'NAO28', 6),
(1698, 'Σταθμός Διοδίων Αθηνών-Λαμίας Πλευρικά (Από Λαμία Προς Αεροδρόμιο)', 'Αττικής-Μεταμόρφωση', 'Αττική Οδός', 38.0612, 23.75044, 1.25, 2.5, 6.25, 10, 'NAO29', 6),
(1699, 'Σταθμός Διοδίων Αθηνών-Λαμίας Πλευρικά (Από Λαμία Προς Ελευσίνα)', 'Αττικής-Μεταμόρφωση', 'Αττική Οδός', 38.06315, 23.74873, 1.25, 2.5, 6.25, 10, 'NAO30', 6),
(1700, 'Σταθμός Διοδίων Παιανίας Πλευρικά (Προς Αεροδρόμιο)', 'Αττικής-Παιανία', 'Αττική Οδός', 37.95341, 23.88573, 1.25, 2.5, 6.25, 10, 'NAO31', 6),
(1701, 'Σταθμός Διοδίων Παιανίας Πλευρικά (Προς Ελευσίνα)', 'Αττικής-Παιανία', 'Αττική Οδός', 37.95731, 23.88672, 1.25, 2.5, 6.25, 10, 'NAO32', 6),
(1702, 'Σταθμός Διοδίων Λεωφ. Μαραθώνος Πλευρικά (Προς Αεροδρόμιο)', 'Αττικής-Παλλήνη', 'Αττική Οδός', 38.00431, 23.86971, 1.25, 2.5, 6.25, 10, 'NAO33', 6),
(1703, 'Σταθμός Διοδίων Λεωφ. Μαραθώνος Πλευρικά (Προς Ελευσίνα)', 'Αττικής-Παλλήνη', 'Αττική Οδός', 38.00805, 23.86918, 1.25, 2.5, 6.25, 10, 'NAO34', 6),
(1704, 'Σταθμός Διοδίων Παλλήνης Πλευρικά (Προς Καρέα)', 'Αττικής-Παλλήνη', 'Περιφ. Υμηττού', 37.99397, 23.88736, 1.25, 2.5, 6.25, 10, 'NAO35', 6),
(1705, 'Σταθμός Διοδίων Κατεχάκη Μετωπικά (Προς Παλλήνη)', 'Αττικής-Παπάγος', 'Περιφ. Υμηττού', 37.9772, 23.8001, 1.25, 2.5, 6.25, 10, 'NAO36', 6),
(1706, 'Σταθμός Διοδίων Παπάγου Πλευρικά (Προς Καρέα)', 'Αττικής-Παπάγος', 'Περιφ. Υμηττού', 37.98565, 23.80999, 1.25, 2.5, 6.25, 10, 'NAO37', 6),
(1707, 'Σταθμός Διοδίων Παπάγου Πλευρικά (Προς Παλλήνη)', 'Αττικής-Παπάγος', 'Περιφ. Υμηττού', 37.98559, 23.8125, 1.25, 2.5, 6.25, 10, 'NAO38', 6),
(1708, 'Σταθμός Διοδίων Ρουπακίου Μετωπικά (Προς Αεροδρόμιο)', 'Αττικής-Ρουπάκι', 'Αττική Οδός', 38.09389, 23.59099, 1.25, 2.5, 6.25, 10, 'NAO39', 6),
(1709, 'Σταθμός Διοδίων Κάντζας Πλευρικά (Προς Αεροδρόμιο)', 'Αττικής-Σπάτα-Κάντζα', 'Αττική Οδός', 37.98003, 23.8699, 1.25, 2.5, 6.25, 10, 'NAO40', 6),
(1710, 'Σταθμός Διοδίων Κάντζας Πλευρικά (Προς Ελευσίνα)', 'Αττικής-Σπάτα-Κάντζα', 'Αττική Οδός', 37.98229, 23.87047, 1.25, 2.5, 6.25, 10, 'NAO41', 6),
(1711, 'Σταθμός Διοδίων Αγγελόκαστρου Μετωπικά (Προς Ιωάννινα)', 'Αιτωλοακαρνανίας-Αγγελόκαστρο', 'Α/Δ Αντιρρίου-Ιωαννίνων', 38.54935, 21.27241, 2.7, 3.85, 9.6, 13.5, 'NO01', 7),
(1712, 'Σταθμός Διοδίων Αγγελόκαστρου Μετωπικά (Προς Ρίο)', 'Αιτωλοακαρνανίας-Αγγελόκαστρο', 'Α/Δ Αντιρρίου-Ιωαννίνων', 38.54947, 21.2721, 2.7, 3.85, 9.6, 13.5, 'NO02', 7),
(1713, 'Σταθμός Διοδίων Κλόκοβας Μετωπικά (Προς Ιωάννινα)', 'Αιτωλοακαρνανίας-Γαβρολίμνη', 'Α/Δ Αντιρρίου-Ιωαννίνων', 38.35929, 21.65685, 2.25, 3.25, 8.2, 11.45, 'NO03', 7),
(1714, 'Σταθμός Διοδίων Κλόκοβας Μετωπικά (Προς Ρίο)', 'Αιτωλοακαρνανίας-Γαβρολίμνη', 'Α/Δ Αντιρρίου-Ιωαννίνων', 38.35921, 21.6564, 2.25, 3.25, 8.2, 11.45, 'NO04', 7),
(1715, 'Σταθμός Διοδίων Μενιδίου Μετωπικά (Προς Ιωάννινα)', 'Αιτωλοακαρνανίας-Μενίδι', 'Α/Δ Αντιρρίου-Ιωαννίνων', 38.98982, 21.17102, 2.3, 3.25, 8.2, 11.5, 'NO05', 7),
(1716, 'Σταθμός Διοδίων Μενιδίου Μετωπικά (Προς Ρίο)', 'Αιτωλοακαρνανίας-Μενίδι', 'Α/Δ Αντιρρίου-Ιωαννίνων', 38.98999, 21.17073, 2.3, 3.25, 8.2, 11.5, 'NO06', 7),
(1717, 'Σταθμός Διοδίων Αφιδνών Μετωπικά (Προς Αθήνα)', 'Αττικής-Αφίδνες', 'Α/Δ Αθηνών-Θεσσαλονίκης', 38.1765, 23.85388, 2.5, 3.55, 8.95, 12.55, 'NO07', 7),
(1718, 'Σταθμός Διοδίων Αφιδνών Μετωπικά (Προς Θεσσαλονίκη)', 'Αττικής-Αφίδνες', 'Α/Δ Αθηνών-Θεσσαλονίκης', 38.17634, 23.85444, 2.5, 3.55, 8.95, 12.55, 'NO08', 7),
(1719, 'Σταθμός Διοδίων Θήβας Μετωπικά (Προς Αθήνα)', 'Βοιωτίας-Θήβα', 'Α/Δ Αθηνών-Θεσσαλονίκης', 38.37082, 23.28677, 2.9, 4.2, 10.5, 14.7, 'NO09', 7),
(1720, 'Σταθμός Διοδίων Θήβας Μετωπικά (Προς Θεσσαλονίκη)', 'Βοιωτίας-Θήβα', 'Α/Δ Αθηνών-Θεσσαλονίκης', 38.3709, 23.28704, 2.9, 4.2, 10.5, 14.7, 'NO10', 7),
(1721, 'Σταθμός Διοδίων Τερόβου Μετωπικά (Προς Ιωάννινα)', 'Ιωαννίνων-Τέροβο', 'Α/Δ Αντιρρίου-Ιωαννίνων', 39.42539, 20.90533, 2.35, 3.35, 8.45, 11.85, 'NO11', 7),
(1722, 'Σταθμός Διοδίων Τερόβου Μετωπικά (Προς Ρίο)', 'Ιωαννίνων-Τέροβο', 'Α/Δ Αντιρρίου-Ιωαννίνων', 39.42559, 20.90509, 2.35, 3.35, 8.45, 11.85, 'NO12', 7),
(1723, 'Σταθμός Διοδίων Τραγάνας Μετωπικά (Προς Αθήνα)', 'Φθιώτιδος-Τραγάνα', 'Α/Δ Αθηνών-Θεσσαλονίκης', 38.6175, 23.14335, 2.9, 4.15, 10.45, 14.6, 'NO13', 7),
(1724, 'Σταθμός Διοδίων Τραγάνας Μετωπικά (Προς Θεσσαλονίκη)', 'Φθιώτιδος-Τραγάνα', 'Α/Δ Αθηνών-Θεσσαλονίκης', 38.61772, 23.14384, 2.9, 4.15, 10.45, 14.6, 'NO14', 7),
(1725, 'Σταθμός Διοδίων Γαβρολίμνης Πλευρικά (Από Ιωάννινα)', 'Αιτωλοακαρνανίας-Γαβρολίμνη', 'Α/Δ Αντιρρίου-Ιωαννίνων', 38.37341, 21.62484, 1.6, 2.3, 5.8, 8.1, 'NO15', 7),
(1726, 'Σταθμός Διοδίων Γαβρολίμνης Πλευρικά (Προς Ιωάννινα)', 'Αιτωλοακαρνανίας-Γαβρολίμνη', 'Α/Δ Αντιρρίου-Ιωαννίνων', 38.37419, 21.6251, 1.6, 2.3, 5.8, 8.1, 'NO16', 7),
(1727, 'Σταθμός Διοδίων Μεσολογγίου Πλευρικά (Από Ιωάννινα)', 'Αιτωλοακαρνανίας-Ζέστη', 'Α/Δ Αντιρρίου-Ιωαννίνων', 38.37953, 21.4953, 0.95, 1.35, 3.45, 4.8, 'NO17', 7),
(1728, 'Σταθμός Διοδίων Μεσολογγίου Πλευρικά (Προς Ιωάννινα)', 'Αιτωλοακαρνανίας-Ζέστη', 'Α/Δ Αντιρρίου-Ιωαννίνων', 38.37935, 21.49496, 0.95, 1.35, 3.45, 4.8, 'NO18', 7),
(1729, 'Σταθμός Διοδίων Κουβαρά Πλευρικά (Από Ιωάννινα)', 'Αιτωλοακαρνανίας-Φυτείες', 'Α/Δ Αντιρρίου-Ιωαννίνων', 38.69941, 21.21408, 1.25, 1.75, 4.45, 6.25, 'NO19', 7),
(1730, 'Σταθμός Διοδίων Κουβαρά Πλευρικά (Προς Ιωάννινα)', 'Αιτωλοακαρνανίας-Φυτείες', 'Α/Δ Αντιρρίου-Ιωαννίνων', 38.70032, 21.21573, 1.25, 1.75, 4.45, 6.25, 'NO20', 7),
(1731, 'Σταθμός Διοδίων Άρτας Πλευρικά (Από Ιωάννινα)', 'Άρτας-Άγιος Δημήτριος', 'Α/Δ Αντιρρίου-Ιωαννίνων', 39.16037, 21.01087, 0.55, 0.8, 2.1, 2.9, 'NO21', 7),
(1732, 'Σταθμός Διοδίων Άρτας Πλευρικά (Προς Ιωάννινα)', 'Άρτας-Άγιος Δημήτριος', 'Α/Δ Αντιρρίου-Ιωαννίνων', 39.16064, 21.01217, 0.55, 0.8, 2.1, 2.9, 'NO22', 7),
(1733, 'Σταθμός Διοδίων Καπανδριτίου Πλευρικά (Από Θεσσαλονίκη)', 'Αττικής-Καπανδρίτι', 'Α/Δ Αθηνών-Θεσσαλονίκης', 38.20262, 23.85396, 1.5, 2.15, 5.4, 7.6, 'NO23', 7),
(1734, 'Σταθμός Διοδίων Καπανδριτίου Πλευρικά (Προς Θεσσαλονίκη)', 'Αττικής-Καπανδρίτι', 'Α/Δ Αθηνών-Θεσσαλονίκης', 38.20275, 23.85477, 1.5, 2.15, 5.4, 7.6, 'NO24', 7),
(1735, 'Σταθμός Διοδίων Μαλακάσας Πλευρικά (Από Θεσσαλονίκη)', 'Αττικής-Μαλακάσα', 'Α/Δ Αθηνών-Θεσσαλονίκης', 38.23753, 23.78053, 1.05, 1.55, 3.85, 5.4, 'NO25', 7),
(1736, 'Σταθμός Διοδίων Μαλακάσας Πλευρικά (Προς Θεσσαλονίκη)', 'Αττικής-Μαλακάσα', 'Α/Δ Αθηνών-Θεσσαλονίκης', 38.23633, 23.786, 1.05, 1.55, 3.85, 5.4, 'NO26', 7),
(1737, 'Σταθμός Διοδίων Θήβας Πλευρικά (Από Θεσσαλονίκη)', 'Βοιωτίας-Θήβα', 'Α/Δ Αθηνών-Θεσσαλονίκης', 38.36621, 23.32467, 1.15, 1.65, 4.15, 5.8, 'NO27', 7),
(1738, 'Σταθμός Διοδίων Θήβας Πλευρικά (Προς Θεσσαλονίκη)', 'Βοιωτίας-Θήβα', 'Α/Δ Αθηνών-Θεσσαλονίκης', 38.36403, 23.32208, 1.15, 1.65, 4.15, 5.8, 'NO28', 7),
(1739, 'Σταθμός Διοδίων Οινοφύτων Πλευρικά (Από Θεσσαλονίκη)', 'Βοιωτίας-Οινόφυτα', 'Α/Δ Αθηνών-Θεσσαλονίκης', 38.28925, 23.67591, 0.5, 0.7, 1.8, 2.55, 'NO29', 7),
(1740, 'Σταθμός Διοδίων Οινοφύτων Πλευρικά (Προς Θεσσαλονίκη)', 'Βοιωτίας-Οινόφυτα', 'Α/Δ Αθηνών-Θεσσαλονίκης', 38.29219, 23.67477, 0.5, 0.7, 1.8, 2.55, 'NO30', 7),
(1741, 'Σταθμός Διοδίων Γοργόμυλου Πλευρικά (Από Ρίο)', 'Πρέβεζας-Γοργόμυλος', 'Α/Δ Αντιρρίου-Ιωαννίνων', 39.3317, 20.91559, 0.75, 1.1, 2.75, 3.9, 'NO31', 7),
(1742, 'Σταθμός Διοδίων Γοργόμυλου Πλευρικά (Προς Ρίο)', 'Πρέβεζας-Γοργόμυλος', 'Α/Δ Αντιρρίου-Ιωαννίνων', 39.33199, 20.91415, 0.75, 1.1, 2.75, 3.9, 'NO32', 7),
(1743, 'Σταθμός Διοδίων Τραγάνας Πλευρικά (Από Θεσσαλονίκη)', 'Φθιώτιδος-Τραγάνα', 'Α/Δ Αθηνών-Θεσσαλονίκης', 38.62199, 23.12357, 2.35, 3.35, 8.35, 11.75, 'NO33', 7),
(1744, 'Σταθμός Διοδίων Τραγάνας Πλευρικά (Προς Θεσσαλονίκη)', 'Φθιώτιδος-Τραγάνα', 'Α/Δ Αθηνών-Θεσσαλονίκης', 38.62253, 23.12381, 2.35, 3.35, 8.35, 11.75, 'NO34', 7),
(1745, 'Σταθμός Διοδίων Ελευσίνας Μετωπικά (Προς Αθήνα)', 'Αττικής-Ελευσίνα', 'Α/Δ Αθηνών-Κορίνθου', 38.04199, 23.49613, 1.6, 2.3, 5.8, 8.1, 'OO01', 8),
(1746, 'Σταθμός Διοδίων Ελευσίνας Μετωπικά (Προς Πάτρα)', 'Αττικής-Ελευσίνα', 'Α/Δ Αθηνών-Κορίνθου', 38.0425, 23.49545, 1.6, 2.3, 5.8, 8.1, 'OO02', 8),
(1747, 'Σταθμός Διοδίων Ρίου Μετωπικά (Προς Αθήνα)', 'Αχαΐας-Άγιος Βασίλειος', 'Α/Δ Κορίνθου-Πατρών', 38.31624, 21.83038, 1.7, 2.4, 6.2, 8.7, 'OO03', 8),
(1748, 'Σταθμός Διοδίων Ρίου Μετωπικά (Προς Πάτρα)', 'Αχαΐας-Άγιος Βασίλειος', 'Α/Δ Κορίνθου-Πατρών', 38.31663, 21.82995, 1.7, 2.4, 6.2, 8.7, 'OO04', 8),
(1749, 'Σταθμός Διοδίων Ελαιώνα Μετωπικά (Προς Αθήνα)', 'Αχαΐας-Ελαιώνας', 'Α/Δ Κορίνθου-Πατρών', 38.19048, 22.16526, 2.4, 3.5, 8.9, 12.4, 'OO05', 8),
(1750, 'Σταθμός Διοδίων Ελαιώνα Μετωπικά (Προς Πάτρα)', 'Αχαΐας-Ελαιώνας', 'Α/Δ Κορίνθου-Πατρών', 38.19092, 22.1656, 2.4, 3.5, 8.9, 12.4, 'OO06', 8),
(1751, 'Σταθμός Διοδίων Ισθμίων Μετωπικά (Προς Αθήνα)', 'Κορινθίας-Ίσθμια', 'Α/Δ Αθηνών-Κορίνθου', 37.92481, 23.03208, 1.3, 1.9, 4.9, 6.9, 'OO07', 8),
(1752, 'Σταθμός Διοδίων Ισθμίων Μετωπικά (Προς Πάτρα)', 'Κορινθίας-Ίσθμια', 'Α/Δ Αθηνών-Κορίνθου', 37.92535, 23.03274, 1.3, 1.9, 4.9, 6.9, 'OO08', 8),
(1753, 'Σταθμός Διοδίων Κιάτου Μετωπικά (Προς Αθήνα)', 'Κορινθίας-Κιάτο', 'Α/Δ Κορίνθου-Πατρών', 37.99692, 22.73517, 1.7, 2.5, 6.2, 8.8, 'OO09', 8),
(1754, 'Σταθμός Διοδίων Κιάτου Μετωπικά (Προς Πάτρα)', 'Κορινθίας-Κιάτο', 'Α/Δ Κορίνθου-Πατρών', 37.99651, 22.73565, 1.7, 2.5, 6.2, 8.8, 'OO10', 8),
(1755, 'Σταθμός Διοδίων Νέας Περάμου Πλευρικά (Από Πάτρα)', 'Αττικής-Νέα Πέραμος', 'Α/Δ Αθηνών-Κορίνθου', 38.01988, 23.42843, 1.1, 1.5, 3.9, 5.5, 'OO11', 8),
(1756, 'Σταθμός Διοδίων Νέας Περάμου Πλευρικά (Προς Πάτρα)', 'Αττικής-Νέα Πέραμος', 'Α/Δ Αθηνών-Κορίνθου', 38.0197, 23.42683, 1.1, 1.5, 3.9, 5.5, 'OO12', 8),
(1757, 'Σταθμός Διοδίων Πάχης Πλευρικά (Από Πάτρα)', 'Αττικής-Πάχη', 'Α/Δ Αθηνών-Κορίνθου', 37.98501, 23.34987, 0.7, 1, 2.5, 3.5, 'OO13', 8),
(1758, 'Σταθμός Διοδίων Πάχης Πλευρικά (Προς Πάτρα)', 'Αττικής-Πάχη', 'Α/Δ Αθηνών-Κορίνθου', 37.9859, 23.3491, 0.7, 1, 2.5, 3.5, 'OO14', 8),
(1759, 'Σταθμός Διοδίων Δρεπάνου Πλευρικά (Από Αθήνα)', 'Αχαΐας-Δρέπανο', 'Α/Δ Κορίνθου-Πατρών', 38.32496, 21.858, 1.3, 1.8, 4.7, 6.6, 'OO15', 8),
(1760, 'Σταθμός Διοδίων Δρεπάνου Πλευρικά (Προς Αθήνα)', 'Αχαΐας-Δρέπανο', 'Α/Δ Κορίνθου-Πατρών', 38.32513, 21.85815, 1.3, 1.8, 4.7, 6.6, 'OO16', 8),
(1761, 'Σταθμός Διοδίων Ακράτας Πλευρικά (Από Αθήνα)', 'Αχαΐας-Κράθιο', 'Α/Δ Κορίνθου-Πατρών', 38.15655, 22.34285, 1.3, 1.9, 4.7, 6.7, 'OO17', 8),
(1762, 'Σταθμός Διοδίων Ακράτας Πλευρικά (Προς Αθήνα)', 'Αχαΐας-Κράθιο', 'Α/Δ Κορίνθου-Πατρών', 38.15715, 22.34236, 1.3, 1.9, 4.7, 6.7, 'OO18', 8),
(1763, 'Σταθμός Διοδίων Καλαβρύτων Πλευρικά (Από Αθήνα)', 'Αχαΐας-Τράπεζα', 'Α/Δ Κορίνθου-Πατρών', 38.17475, 22.23938, 1.8, 2.6, 6.5, 9.1, 'OO19', 8),
(1764, 'Σταθμός Διοδίων Καλαβρύτων Πλευρικά (Προς Αθήνα)', 'Αχαΐας-Τράπεζα', 'Α/Δ Κορίνθου-Πατρών', 38.17461, 22.23961, 1.8, 2.6, 6.5, 9.1, 'OO20', 8),
(1765, 'Σταθμός Διοδίων Αγίων Θεοδώρων Πλευρικά (Από Αθήνα)', 'Κορινθίας-Άγιοι Θεόδωροι', 'Α/Δ Αθηνών-Κορίνθου', 37.92207, 23.11896, 0.4, 0.6, 1.5, 2.1, 'OO21', 8),
(1766, 'Σταθμός Διοδίων Αγίων Θεοδώρων Πλευρικά (Προς Αθήνα)', 'Κορινθίας-Άγιοι Θεόδωροι', 'Α/Δ Αθηνών-Κορίνθου', 37.92194, 23.11967, 0.4, 0.6, 1.5, 2.1, 'OO22', 8),
(1767, 'Σταθμός Διοδίων Δερβενίου Πλευρικά (Από Αθήνα)', 'Κορινθίας-Δερβένι', 'Α/Δ Κορίνθου-Πατρών', 38.13183, 22.40492, 1, 1.4, 3.6, 5.1, 'OO23', 8),
(1768, 'Σταθμός Διοδίων Δερβενίου Πλευρικά (Προς Αθήνα)', 'Κορινθίας-Δερβένι', 'Α/Δ Κορίνθου-Πατρών', 38.13193, 22.40525, 1, 1.4, 3.6, 5.1, 'OO24', 8),
(1769, 'Σταθμός Διοδίων Ζευγολατιού Πλευρικά (Από Αθήνα)', 'Κορινθίας-Ζευγολατιό', 'Α/Δ Κορίνθου-Πατρών', 37.93143, 22.78815, 0.5, 0.8, 2, 2.9, 'OO25', 8),
(1770, 'Σταθμός Διοδίων Ζευγολατιού Πλευρικά (Προς Αθήνα)', 'Κορινθίας-Ζευγολατιό', 'Α/Δ Κορίνθου-Πατρών', 37.93128, 22.78786, 0.5, 0.8, 2, 2.9, 'OO26', 8),
(1771, 'Σταθμός Διοδίων Κιάτου Πλευρικά (Από Πάτρα)', 'Κορινθίας-Κιάτο', 'Α/Δ Κορίνθου-Πατρών', 38.00783, 22.73326, 0.6, 0.9, 2.4, 3.3, 'OO27', 8),
(1772, 'Σταθμός Διοδίων Κιάτου Πλευρικά (Προς Πάτρα)', 'Κορινθίας-Κιάτο', 'Α/Δ Κορίνθου-Πατρών', 38.00783, 22.73354, 0.6, 0.9, 2.4, 3.3, 'OO28', 8);

--
-- Ευρετήρια για άχρηστους πίνακες
--

--
-- Ευρετήρια για πίνακα `authtoken_token`
--
ALTER TABLE `authtoken_token`
  ADD PRIMARY KEY (`key`),
  ADD UNIQUE KEY `user_id` (`user_id`);

--
-- Ευρετήρια για πίνακα `auth_group`
--
ALTER TABLE `auth_group`
  ADD PRIMARY KEY (`id`),
  ADD UNIQUE KEY `name` (`name`);

--
-- Ευρετήρια για πίνακα `auth_group_permissions`
--
ALTER TABLE `auth_group_permissions`
  ADD PRIMARY KEY (`id`),
  ADD UNIQUE KEY `auth_group_permissions_group_id_permission_id_0cd325b0_uniq` (`group_id`,`permission_id`),
  ADD KEY `auth_group_permissio_permission_id_84c5c92e_fk_auth_perm` (`permission_id`);

--
-- Ευρετήρια για πίνακα `auth_permission`
--
ALTER TABLE `auth_permission`
  ADD PRIMARY KEY (`id`),
  ADD UNIQUE KEY `auth_permission_content_type_id_codename_01ab375a_uniq` (`content_type_id`,`codename`);

--
-- Ευρετήρια για πίνακα `auth_user`
--
ALTER TABLE `auth_user`
  ADD PRIMARY KEY (`id`),
  ADD UNIQUE KEY `username` (`username`);

--
-- Ευρετήρια για πίνακα `auth_user_groups`
--
ALTER TABLE `auth_user_groups`
  ADD PRIMARY KEY (`id`),
  ADD UNIQUE KEY `auth_user_groups_user_id_group_id_94350c0c_uniq` (`user_id`,`group_id`),
  ADD KEY `auth_user_groups_group_id_97559544_fk_auth_group_id` (`group_id`);

--
-- Ευρετήρια για πίνακα `auth_user_user_permissions`
--
ALTER TABLE `auth_user_user_permissions`
  ADD PRIMARY KEY (`id`),
  ADD UNIQUE KEY `auth_user_user_permissions_user_id_permission_id_14a6b632_uniq` (`user_id`,`permission_id`),
  ADD KEY `auth_user_user_permi_permission_id_1fbb5f2c_fk_auth_perm` (`permission_id`);

--
-- Ευρετήρια για πίνακα `django_admin_log`
--
ALTER TABLE `django_admin_log`
  ADD PRIMARY KEY (`id`),
  ADD KEY `django_admin_log_content_type_id_c4bce8eb_fk_django_co` (`content_type_id`),
  ADD KEY `django_admin_log_user_id_c564eba6_fk_auth_user_id` (`user_id`);

--
-- Ευρετήρια για πίνακα `django_content_type`
--
ALTER TABLE `django_content_type`
  ADD PRIMARY KEY (`id`),
  ADD UNIQUE KEY `django_content_type_app_label_model_76bd3d3b_uniq` (`app_label`,`model`);

--
-- Ευρετήρια για πίνακα `django_migrations`
--
ALTER TABLE `django_migrations`
  ADD PRIMARY KEY (`id`);

--
-- Ευρετήρια για πίνακα `django_session`
--
ALTER TABLE `django_session`
  ADD PRIMARY KEY (`session_key`),
  ADD KEY `django_session_expire_date_a5c62663` (`expire_date`);

--
-- Ευρετήρια για πίνακα `operator`
--
ALTER TABLE `operator`
  ADD PRIMARY KEY (`id`);

--
-- Ευρετήρια για πίνακα `pass`
--
ALTER TABLE `pass`
  ADD PRIMARY KEY (`id`),
  ADD KEY `pass_tag_id_e7510726_fk_tag_id` (`tag_id`),
  ADD KEY `pass_tollStation_id_053f5d5b_fk_tollstation_id` (`tollStation_id`);

--
-- Ευρετήρια για πίνακα `tag`
--
ALTER TABLE `tag`
  ADD PRIMARY KEY (`id`),
  ADD KEY `tag_operator_id_866c526b_fk_operator_id` (`operator_id`);

--
-- Ευρετήρια για πίνακα `tollstation`
--
ALTER TABLE `tollstation`
  ADD PRIMARY KEY (`id`),
  ADD KEY `tollstation_operator_id_0c872db0_fk_operator_id` (`operator_id`);

--
-- AUTO_INCREMENT για άχρηστους πίνακες
--

--
-- AUTO_INCREMENT για πίνακα `auth_group`
--
ALTER TABLE `auth_group`
  MODIFY `id` int NOT NULL AUTO_INCREMENT;

--
-- AUTO_INCREMENT για πίνακα `auth_group_permissions`
--
ALTER TABLE `auth_group_permissions`
  MODIFY `id` bigint NOT NULL AUTO_INCREMENT;

--
-- AUTO_INCREMENT για πίνακα `auth_permission`
--
ALTER TABLE `auth_permission`
  MODIFY `id` int NOT NULL AUTO_INCREMENT, AUTO_INCREMENT=49;

--
-- AUTO_INCREMENT για πίνακα `auth_user`
--
ALTER TABLE `auth_user`
  MODIFY `id` int NOT NULL AUTO_INCREMENT, AUTO_INCREMENT=2;

--
-- AUTO_INCREMENT για πίνακα `auth_user_groups`
--
ALTER TABLE `auth_user_groups`
  MODIFY `id` bigint NOT NULL AUTO_INCREMENT;

--
-- AUTO_INCREMENT για πίνακα `auth_user_user_permissions`
--
ALTER TABLE `auth_user_user_permissions`
  MODIFY `id` bigint NOT NULL AUTO_INCREMENT;

--
-- AUTO_INCREMENT για πίνακα `django_admin_log`
--
ALTER TABLE `django_admin_log`
  MODIFY `id` int NOT NULL AUTO_INCREMENT;

--
-- AUTO_INCREMENT για πίνακα `django_content_type`
--
ALTER TABLE `django_content_type`
  MODIFY `id` int NOT NULL AUTO_INCREMENT, AUTO_INCREMENT=13;

--
-- AUTO_INCREMENT για πίνακα `django_migrations`
--
ALTER TABLE `django_migrations`
  MODIFY `id` bigint NOT NULL AUTO_INCREMENT, AUTO_INCREMENT=28;

--
-- AUTO_INCREMENT για πίνακα `operator`
--
ALTER TABLE `operator`
  MODIFY `id` int NOT NULL AUTO_INCREMENT, AUTO_INCREMENT=10;

--
-- AUTO_INCREMENT για πίνακα `pass`
--
ALTER TABLE `pass`
  MODIFY `id` int NOT NULL AUTO_INCREMENT, AUTO_INCREMENT=6012;

--
-- AUTO_INCREMENT για πίνακα `tag`
--
ALTER TABLE `tag`
  MODIFY `id` int NOT NULL AUTO_INCREMENT, AUTO_INCREMENT=151;

--
-- AUTO_INCREMENT για πίνακα `tollstation`
--
ALTER TABLE `tollstation`
  MODIFY `id` int NOT NULL AUTO_INCREMENT, AUTO_INCREMENT=1773;

--
-- Περιορισμοί για άχρηστους πίνακες
--

--
-- Περιορισμοί για πίνακα `authtoken_token`
--
ALTER TABLE `authtoken_token`
  ADD CONSTRAINT `authtoken_token_user_id_35299eff_fk_auth_user_id` FOREIGN KEY (`user_id`) REFERENCES `auth_user` (`id`);

--
-- Περιορισμοί για πίνακα `auth_group_permissions`
--
ALTER TABLE `auth_group_permissions`
  ADD CONSTRAINT `auth_group_permissio_permission_id_84c5c92e_fk_auth_perm` FOREIGN KEY (`permission_id`) REFERENCES `auth_permission` (`id`),
  ADD CONSTRAINT `auth_group_permissions_group_id_b120cbf9_fk_auth_group_id` FOREIGN KEY (`group_id`) REFERENCES `auth_group` (`id`);

--
-- Περιορισμοί για πίνακα `auth_permission`
--
ALTER TABLE `auth_permission`
  ADD CONSTRAINT `auth_permission_content_type_id_2f476e4b_fk_django_co` FOREIGN KEY (`content_type_id`) REFERENCES `django_content_type` (`id`);

--
-- Περιορισμοί για πίνακα `auth_user_groups`
--
ALTER TABLE `auth_user_groups`
  ADD CONSTRAINT `auth_user_groups_group_id_97559544_fk_auth_group_id` FOREIGN KEY (`group_id`) REFERENCES `auth_group` (`id`),
  ADD CONSTRAINT `auth_user_groups_user_id_6a12ed8b_fk_auth_user_id` FOREIGN KEY (`user_id`) REFERENCES `auth_user` (`id`);

--
-- Περιορισμοί για πίνακα `auth_user_user_permissions`
--
ALTER TABLE `auth_user_user_permissions`
  ADD CONSTRAINT `auth_user_user_permi_permission_id_1fbb5f2c_fk_auth_perm` FOREIGN KEY (`permission_id`) REFERENCES `auth_permission` (`id`),
  ADD CONSTRAINT `auth_user_user_permissions_user_id_a95ead1b_fk_auth_user_id` FOREIGN KEY (`user_id`) REFERENCES `auth_user` (`id`);

--
-- Περιορισμοί για πίνακα `django_admin_log`
--
ALTER TABLE `django_admin_log`
  ADD CONSTRAINT `django_admin_log_content_type_id_c4bce8eb_fk_django_co` FOREIGN KEY (`content_type_id`) REFERENCES `django_content_type` (`id`),
  ADD CONSTRAINT `django_admin_log_user_id_c564eba6_fk_auth_user_id` FOREIGN KEY (`user_id`) REFERENCES `auth_user` (`id`);

--
-- Περιορισμοί για πίνακα `pass`
--
ALTER TABLE `pass`
  ADD CONSTRAINT `pass_tag_id_e7510726_fk_tag_id` FOREIGN KEY (`tag_id`) REFERENCES `tag` (`id`),
  ADD CONSTRAINT `pass_tollStation_id_053f5d5b_fk_tollstation_id` FOREIGN KEY (`tollStation_id`) REFERENCES `tollstation` (`id`);

--
-- Περιορισμοί για πίνακα `tag`
--
ALTER TABLE `tag`
  ADD CONSTRAINT `tag_operator_id_866c526b_fk_operator_id` FOREIGN KEY (`operator_id`) REFERENCES `operator` (`id`);

--
-- Περιορισμοί για πίνακα `tollstation`
--
ALTER TABLE `tollstation`
  ADD CONSTRAINT `tollstation_operator_id_0c872db0_fk_operator_id` FOREIGN KEY (`operator_id`) REFERENCES `operator` (`id`);
COMMIT;

/*!40101 SET CHARACTER_SET_CLIENT=@OLD_CHARACTER_SET_CLIENT */;
/*!40101 SET CHARACTER_SET_RESULTS=@OLD_CHARACTER_SET_RESULTS */;
/*!40101 SET COLLATION_CONNECTION=@OLD_COLLATION_CONNECTION */;
