{
  "answers": {
    "phase": "coding",
    "action": "source code authoring",
    "scope": "backend",
    "action experience": 2,
    "language": "js",
    "other language": "<fill in>",
    "aimodel": "chatgpt",
    "aimodel version": "4",
    "open source aimodel": "<fill in>",
    "tool option": "online full",
    "experience with tool": 5,
    "time allocated (h)": "12",
    "time saved estimate (h)": "12",
    "quality of ai help": 5,
    "knowledge acquired": 4,
    "generic feeling - now": 4,
    "generic feeling - future": 4,
    "threat level": 3,
    "notes": "Με αυτό το log έφτιαξα όλο το backend, api και ένα μεγάλο μέρος της βάσης"
  }
}