{
  "answers": {
    "phase": "coding",
    "action": "source code authoring",
    "scope": "api",
    "action experience": 3,
    "language": "python",
    "other language": "n/a",
    "aimodel": "chatgpt",
    "aimodel version": "4.0",
    "open source aimodel": "n/a",
    "tool option": "online full",
    "experience with tool": 4,
    "time allocated (h)": "1",
    "time saved estimate (h)": "0.5",
    "quality of ai help": 4,
    "knowledge acquired": 3,
    "generic feeling - now": 4,
    "generic feeling - future": 4,
    "threat level": 2,
    "notes": "Το μοντέλο έλυσε το θέμα της πιστοποίησης με αποτελεσματικό τρόπο."
  }
}