{
    "answers": {
        "phase": "design",
        "action": "design decision",
        "scope": "uml sequence",
        "action experience": 3,
        "language": "js",
        "other language": "n/a",
        "aimodel": "chatgpt",
        "aimodel version": "v2.0",
        "open source aimodel": "n/a",
        "tool option": "online free",
        "experience with tool": 4,
        "time allocated (h)": "5",
        "time saved estimate (h)": "2", 
        "quality of ai help": 4,
        "knowledge acquired": 5,
        "generic feeling - now": 4,
        "generic feeling - future": 5,
        "threat level": 2,
        "notes": "Οι ταμπέλες στα διαγράμματα τροποποιήθηκαν με βάση τις προτάσεις του μοντέλου."
    }
}