{
    "phase": ["design"],
    "action": ["use case specification", "design decision"],
    "scope": ["uml state", "uml activity", "uml sequense"],
    "action experience": [1],
    "language": ["other"],
    "other language": "uml",
    "aimodel": ["chatgpt"],
    "aimodel version": "4",
    "tool option": ["online free"],
    "experience with tool": [5],
    "time allocated (h)": "0.5",
    "time saved estimate": "0",
    "quality of ai help": [0],
    "knowledge acquired": [0],
    "generic feeling - now": [0],
    "generic feeling - future": [0],
    "threat level": [0],
    "notes": "It didnt help this time with the uml diagrams, maybe i shouldnt upload the whole pdf"
}