{
    "answers":{
    "phase": "design",
    "action": "use case specification",
    "scope": "uml state",
    "action experience": 1,
    "language": "other",
    "other language": "uml",
    "aimodel": "chatgpt",
    "aimodel version": "4",
    "open source aimodel": "<fill in>",
    "tool option": "online free",
    "experience with tool": 5,
    "time allocated (h)": "0.5",
    "time saved estimate (h)": "0",
    "quality of ai help": 0,
    "knowledge acquired": 0,
    "generic feeling - now": 0,
    "generic feeling - future": 0,
    "threat level": 0,
    "notes": "it didnt help this time"
}
}