{
    "answers": {
        "phase": "design",
        "action": "design decision",
        "scope": "uml other",
        "action experience": 2,
        "language": "other",
        "other language": "n/a",
        "aimodel": "chatgpt",
        "aimodel version": "4",
        "open source aimodel": "<fill in>",
        "tool option": "online free", 
        "experience with tool":3, 
        "time allocated (h)": "2",
        "time saved estimate (h)": "1", 
        "quality of ai help": 2, 
        "knowledge acquired": 2,
        "generic feeling - now": 2, 
        "generic feeling - future":  3,
        "threat level": 1,
        "notes": "Ζήτησα και έλαβα ικανοποιητική βοήθεια για το σχεδιασμό των κλάσεων που σχετίζονται με κάθε ednpoint και το διάγραμμα συνολικά."
    }
}