{
  "answers": {
    "phase": "design",
    "action": "data design",
    "scope": "uml activity",
    "action experience": 3,
    "language": "json",
    "other language": "n/a",
    "aimodel": "chatgpt",
    "aimodel version": "4.0",
    "open source aimodel": "n/a",
    "tool option": "online full",
    "experience with tool": 4,
    "time allocated (h)": "1",
    "time saved estimate (h)": "2",
    "quality of ai help": 5,
    "knowledge acquired": 4,
    "generic feeling - now": 5,
    "generic feeling - future": 5,
    "threat level": 2,
    "notes": "Το μοντέλο βοήθησε στον σχεδιασμό των διαγραμμάτων"
  }
}