{
    "answers": {
        "phase": "coding",
        "action": "network configuration",
        "scope": "api",
        "action experience": 0,
        "language": "n/a",
        "other language": "<fill in>",
        "aimodel": "open source",
        "aimodel version": "<fill in>",
        "open source aimodel": "chocolate",
        "tool option": "online free",
        "experience with tool": 4,
        "time allocated (h)": 0.1,
        "time saved estimate (h)": 1, 
        "quality of ai help": 5,
        "knowledge acquired": 3,
        "generic feeling - now": 5,
        "generic feeling - future": 5,
        "threat level": 0,
        "notes": "lmarena.ai"
    }
}