{
  "answers": {
    "phase": "coding",
    "action": "source code authoring",
    "scope": "backend",
    "action experience": 3,
    "language": "js",
    "other language": "<fill in>",
    "aimodel": "chatgpt",
    "aimodel version": "4",
    "open source aimodel": "<fill in>",
    "tool option": "online full",
    "experience with tool": 5,
    "time allocated (h)": "4",
    "time saved estimate (h)": "6",
    "quality of ai help": 4,
    "knowledge acquired": 4,
    "generic feeling - now": 5,
    "generic feeling - future": 5,
    "threat level": 3,
    "notes": "Του έδωσα το ER και μου έδωσε την βάση, επίσης με βοήθησε στο orm και στα admin api"
  }
}