{
  "answers": {
    "phase": "design",
    "action": "design decision",
    "scope": "api",
    "action experience": 3,
    "language": "n/a",
    "other language": "<fill in>",
    "aimodel": "chatgpt",
    "aimodel version": "4",
    "open source aimodel": "<fill in>",
    "tool option": "online full",
    "experience with tool": 3,
    "time allocated (h)": "1",
    "time saved estimate (h)": "1",
    "quality of ai help": 4,
    "knowledge acquired": 3,
    "generic feeling - now": 3,
    "generic feeling - future": 3,
    "threat level": 1,
    "notes": "REST API endpoints design"
  }
}