{
  "answers": {
    "phase": "coding",
    "action": "design decision",
    "scope": "backend",
    "action experience": 3,
    "language": "js",
    "other language": "<fill in>",
    "aimodel": "chatgpt",
    "aimodel version": "4o",
    "open source aimodel": "<fill in>",
    "tool option": "online full",
    "experience with tool": 5,
    "time allocated (h)": "1",
    "time saved estimate (h)": "3",
    "quality of ai help": 5,
    "knowledge acquired": 4,
    "generic feeling - now": 3,
    "generic feeling - future": 4,
    "threat level": 0,
    "notes": "Βοήθησε στην κατασκευή ενός api"
  }
}