{
    "answers": {
        "phase": "design",
        "action": "design decision",
        "scope":  "uml deployment",
        "action experience": 2,
        "language": "n/a",
        "other language": "<fill in>",
        "aimodel": "chatgpt",
        "aimodel version": "4",
        "open source aimodel": "<fill in>",
        "tool option": "online free",
        "experience with tool":  3,
        "time allocated (h)": "1",
        "time saved estimate (h)": "2", 
        "quality of ai help": 2,
        "knowledge acquired": 2,
        "generic feeling - now": 2,
        "generic feeling - future": 3,
        "threat level": 1,
        "notes": "Το μοντέλο βοήθησε στην κατανόηση των διαγραμμάτων deployment και το σχεδιασμό του σχετικού διαγράμματος για το σύστημα"
    }
}