{
  "answers": {
    "phase": "design",
    "action": "data design",
    "scope": "data management",
    "action experience": 3,
    "language": "n/a",
    "other language": "<fill in>",
    "aimodel": "chatgpt",
    "aimodel version": "o1",
    "open source aimodel": "<fill in>",
    "tool option": "online full",
    "experience with tool": 2,
    "time allocated (h)": "1",
    "time saved estimate (h)": "1",
    "quality of ai help": 3,
    "knowledge acquired": 2,
    "generic feeling - now": 1,
    "generic feeling - future": 1,
    "threat level": 1,
    "notes": "new data"
  }
}