{
  "answers": {
    "phase": "design",
    "action": "design decision",
    "scope": "backend",
    "action experience": 1,
    "language": "n/a",
    "other language": "<fill in>",
    "aimodel": "chatgpt",
    "aimodel version": "4",
    "open source aimodel": "<fill in>",
    "tool option": "online free",
    "experience with tool": 5,
    "time allocated (h)": "2",
    "time saved estimate (h)": "3",
    "quality of ai help": 5,
    "knowledge acquired": 5,
    "generic feeling - now": 4,
    "generic feeling - future": 4,
    "threat level": 3,
    "notes": "sequrity"
  }
}