{
    "answers": {
        "phase": "design",
        "action": "use case specification",
        "scope": "uml sequence",
        "action experience": 1,
        "language": "other",
        "other language": "<fill-in>",
        "aimodel": "chatgpt",
        "aimodel version": "4-o",
        "open source aimodel": "<fill-in>",
        "tool option": "online free",
        "experience with tool": 2,
        "time allocated (h)": "0.45",
        "time saved estimate (h)": "1", 
        "quality of ai help":  4,
        "knowledge acquired": 2,
        "generic feeling - now": 2,
        "generic feeling - future": 3,
        "threat level": 0,
        "notes": "Το μοντέλο δημιούργησε αποτελεσματικά διαγράμματα προσαρμοσμένα στην αρχιτεκτονική του λογισμικού για μια συγκεκριμένη περίπτωση χρήσης."
    }
}
