{
    "answers": {
        "phase": "design",
        "action": "design decision",
        "scope": "backend", 
        "action experience": 4,
        "language": "python",
        "other language": "n/a",
        "aimodel": "open source",
        "aimodel version": "1.0",
        "open source aimodel": "deepseek",
        "tool option": "online free",
        "experience with tool":  4,
        "time allocated (h)": "0.5",
        "time saved estimate (h)": "1", 
        "quality of ai help": 4,
        "knowledge acquired": 2,
        "generic feeling - now": 3,
        "generic feeling - future": 4,
        "threat level": 1,
        "notes": "Το μοντέλο βοήθησε στη διάκριση μεταξύ των μοντέλων και των κλάσεων"
    }
}