{
    "answers": {
        "phase": "coding",
        "action": "source code authoring",
        "scope": "backend",
        "action experience": 1,
        "language": "js",
        "other language": "<fill in>",
        "aimodel": "chatgpt",
        "aimodel version": "4",
        "open source aimodel": "<fill in>",
        "tool option": "online free",
        "experience with tool": 3,
        "time allocated (h)": "2",
        "time saved estimate (h)": "5", 
        "quality of ai help": 3,
        "knowledge acquired": 3,
        "generic feeling - now": 2,
        "generic feeling - future": 3,
        "threat level": 1,
        "notes": "Το μοντέλο μπόρεσε να με καθοδηγήσει στην εγκατάσταση των απαραίτητων εργαλείων και την ανάπτυξη μιας δοκιμαστικής μορφής της βάσης δεδομένων και του ORM."
    }
}