{
  "answers": {
    "phase": "coding",
    "action": "data design",
    "scope": "backend",
    "action experience": 3,
    "language": "n/a",
    "other language": "<fill in>",
    "aimodel": "chatgpt",
    "aimodel version": "4o",
    "open source aimodel": "<fill in>",
    "tool option": "online full",
    "experience with tool": 5,
    "time allocated (h)": "1",
    "time saved estimate (h)": "2",
    "quality of ai help": 4,
    "knowledge acquired": 4,
    "generic feeling - now": 4,
    "generic feeling - future": 4,
    "threat level": 0,
    "notes": "Βοήθησε στην επιλογή backend framework"
  }
}