{
    "answers": {
        "phase": "architecture",
        "action": "problem understanding",
        "scope": "backend",
        "action experience": 2,
        "language": "python",
        "other language": "<fill in>",
        "aimodel": "open source",
        "aimodel version": "<fill in>",
        "open source aimodel": "chocolate",
        "tool option": "online free",
        "experience with tool": 5,
        "time allocated (h)": 0.1,
        "time saved estimate (h)": 12, 
        "quality of ai help": 5,
        "knowledge acquired": 5,
        "generic feeling - now": 5,
        "generic feeling - future": 5,
        "threat level": 1,
        "notes": "lmarena.ai"
    }
}