{
  "answers": {
    "phase": "coding",
    "action": "source code authoring",
    "scope": "backend",
    "action experience": 4,
    "language": "python",
    "other language": "n/a",
    "aimodel": "chatgpt",
    "aimodel version": "4.0",
    "open source aimodel": "n/a",
    "tool option": "online full",
    "experience with tool": 5,
    "time allocated (h)": "2",
    "time saved estimate (h)": "1",
    "quality of ai help": 5,
    "knowledge acquired": 4,
    "generic feeling - now": 5,
    "generic feeling - future": 5,
    "threat level": 1,
    "notes": "Το μοντέλο βοήθησε στην εξοικείωση με τα εργαλεία."
  }
}