{
    "phase": ["architecture"],
    "action": ["architectural decision"],
    "scope": ["api"],
    "action experience": [1],
    "language": ["n/a"],
    "other language": "<fill in>",
    "aimodel": ["chatgpt"],
    "aimodel version": "o1",
    "tool option": ["online full"],
    "experience with tool": [3],
    "time allocated (h)": "1",
    "time saved estimate": "3",
    "quality of ai help": [5],
    "knowledge acquired": [2],
    "generic feeling - now": [4],
    "generic feeling - future": [4],
    "threat level": [0],
    "notes": "Του έδωσα το διάγραμμα της διαφάνειας 3 στο σετ 10α και του ζήτησα να μου το εξηγήσει, τα πήγε πολύ καλά"
}