{
    "answers": {
        "phase": "design",
        "action": "design decision",
        "scope": "messaging design", 
        "action experience": 4,
        "language": "n/a",
        "other language": "n/a",
        "aimodel": "open source",
        "aimodel version": "1.0",
        "open source aimodel": "deepseek",
        "tool option": "online free",
        "experience with tool":  4,
        "time allocated (h)": "1",
        "time saved estimate (h)": "1", 
        "quality of ai help": 3,
        "knowledge acquired": 2,
        "generic feeling - now": 3,
        "generic feeling - future": 3,
        "threat level": 1,
        "notes": "Το μοντέλο βοήθησε στην κατανόηση του αντικειμενοστραφούς σχεδιασμού"
    }
}